total_catalyst_mass_g,conversion_percent,derived_uniform_bed_voidage_percent
0,0,100
0.07239583108,13.92373819,99.9625
0.1447916622,26.32905608,99.925
0.2171874932,36.93618721,99.8875
0.2895833243,45.78198423,99.85
0.3619791554,53.0789687,99.8125
0.4343749865,59.09159004,99.775
0.5067708175,64.06871901,99.7375
0.5791666486,68.21937047,99.7
0.6515624797,71.71030132,99.6625
0.7239583108,74.67172043,99.625
0.7963541418,77.20467685,99.5875
0.8687499729,79.38774742,99.55
0.941145804,81.28241785,99.5125
1.013541635,82.93720323,99.475
1.085937466,84.39073948,99.4375
1.158333297,85.67408677,99.4
1.230729128,86.81244738,99.3625
1.303124959,87.8264534,99.325
1.37552079,88.73313785,99.2875
1.447916622,89.54667415,99.25
1.520312453,90.27894342,99.2125
1.592708284,90.93997372,99.175
1.665104115,91.53828313,99.1375
1.737499946,92.08115007,99.1
1.809895777,92.57482787,99.0625
1.882291608,93.02471643,99.025
1.954687439,93.43550106,98.9875
2.02708327,93.81126456,98.95
2.099479101,94.15557947,98.9125
2.171874932,94.47158374,98.875
2.244270763,94.76204315,98.8375
2.316666594,95.02940369,98.8
2.389062426,95.27583512,98.7625
2.461458257,95.50326771,98.725
2.533854088,95.71342329,98.6875
2.606249919,95.90784162,98.65
2.67864575,96.08790294,98.6125
2.751041581,96.25484718,98.575
2.823437412,96.40979059,98.5375
2.895833243,96.55374002,98.5
2.968229074,96.68760537,98.4625
3.040624905,96.81221025,98.425
3.113020736,96.92830147,98.3875
3.185416567,97.03655732,98.35
3.257812398,97.13759459,98.3125
3.330208229,97.23197505,98.275
3.402604061,97.32021107,98.2375
3.474999892,97.40277039,98.2
3.547395723,97.48008073,98.1625
3.619791554,97.55253345,98.125
3.692187385,97.62048719,98.0875
3.764583216,97.68427091,98.05
3.836979047,97.74418653,98.0125
3.909374878,97.80051163,97.975
3.981770709,97.85350142,97.9375
4.05416654,97.90339091,97.9
4.126562371,97.95039664,97.8625
4.198958202,97.99471825,97.825
4.271354033,98.03653999,97.7875
4.343749865,98.07603202,97.75
4.416145696,98.11335162,97.7125
4.488541527,98.14864423,97.675
4.560937358,98.18204448,97.6375
4.633333189,98.21367701,97.6
4.70572902,98.24365735,97.5625
4.778124851,98.27209261,97.525
4.850520682,98.29908216,97.4875
4.922916513,98.32471828,97.45
4.995312344,98.34908666,97.4125
5.067708175,98.37226694,97.375
5.140104006,98.39433319,97.3375
5.212499837,98.41535432,97.3
5.284895669,98.43539446,97.2625
5.3572915,98.45451335,97.225
5.429687331,98.47276666,97.1875
5.502083162,98.49020628,97.15
5.574478993,98.5068806,97.1125
5.646874824,98.52283481,97.075
5.719270655,98.53811103,97.0375
5.791666486,98.55274867,97
5.864062317,98.5667845,96.9625
5.936458148,98.58025292,96.925
6.008853979,98.59318611,96.8875
6.08124981,98.60561416,96.85
6.153645641,98.61756524,96.8125
6.226041473,98.62906572,96.775
6.298437304,98.6401403,96.7375
6.370833135,98.65081217,96.7
6.443228966,98.66110301,96.6625
6.515624797,98.67103319,96.625
6.588020628,98.68062183,96.5875
6.660416459,98.68988685,96.55
6.73281229,98.69884509,96.5125
6.805208121,98.70751238,96.475
6.877603952,98.71590358,96.4375
6.949999783,98.72403266,96.4
7.022395614,98.73191277,96.3625
7.094791445,98.73955629,96.325
7.167187277,98.74697483,96.2875
7.239583108,98.75417938,96.25
7.311978939,98.76118024,96.2125
7.38437477,98.76798715,96.175
7.456770601,98.77460927,96.1375
7.529166432,98.78105524,96.1
7.601562263,98.78733322,96.0625
7.673958094,98.7934509,96.025
7.746353925,98.79941557,95.9875
7.818749756,98.80523405,95.95
7.891145587,98.81091286,95.9125
7.963541418,98.81645809,95.875
8.035937249,98.82187555,95.8375
8.108333081,98.82717071,95.8
8.180728912,98.83234876,95.7625
8.253124743,98.83741459,95.725
8.325520574,98.84237287,95.6875
8.397916405,98.84722795,95.65
8.470312236,98.85198405,95.6125
8.542708067,98.85664508,95.575
8.615103898,98.86121482,95.5375
8.687499729,98.86569679,95.5
8.75989556,98.87009438,95.4625
8.832291391,98.87441079,95.425
8.904687222,98.87864905,95.3875
8.977083053,98.88281207,95.35
9.049478885,98.88690257,95.3125
9.121874716,98.89092318,95.275
9.194270547,98.89487637,95.2375
9.266666378,98.8987645,95.2
9.339062209,98.90258984,95.1625
9.41145804,98.90635449,95.125
9.483853871,98.91006053,95.0875
9.556249702,98.91370989,95.05
9.628645533,98.91730441,95.0125
9.701041364,98.92084588,94.975
9.773437195,98.92433596,94.9375
9.845833026,98.92777629,94.9
9.918228857,98.93116838,94.8625
9.990624688,98.93451371,94.825
10.06302052,98.93781369,94.7875
10.13541635,98.94106965,94.75
10.20781218,98.94428286,94.7125
10.28020801,98.94745458,94.675
10.35260384,98.95058597,94.6375
10.42499967,98.95367814,94.6
10.49739551,98.95673219,94.5625
10.56979134,98.95974915,94.525
10.64218717,98.96272999,94.4875
10.714583,98.96567568,94.45
10.78697883,98.96858712,94.4125
10.85937466,98.97146519,94.375
10.93177049,98.97431072,94.3375
11.00416632,98.97712454,94.3
11.07656215,98.9799074,94.2625
11.14895799,98.98266005,94.225
11.22135382,98.98538322,94.1875
11.29374965,98.9880776,94.15
11.36614548,98.99074383,94.1125
11.43854131,98.99338256,94.075
11.51093714,98.99599442,94.0375
11.58333297,98.99858,94
11.6557288,99.00113985,93.9625
11.72812463,99.00367454,93.925
11.80052047,99.00618461,93.8875
11.8729163,99.00867055,93.85
11.94531213,99.01113288,93.8125
12.01770796,99.01357206,93.775
12.09010379,99.01598857,93.7375
12.16249962,99.01838285,93.7
12.23489545,99.02075532,93.6625
12.30729128,99.02310642,93.625
12.37968711,99.02543655,93.5875
12.45208295,99.0277461,93.55
12.52447878,99.03003544,93.5125
12.59687461,99.03230494,93.475
12.66927044,99.03455498,93.4375
12.74166627,99.03678589,93.4
12.8140621,99.038998,93.3625
12.88645793,99.04119163,93.325
12.95885376,99.04336712,93.2875
13.03124959,99.04552476,93.25
13.10364542,99.04766486,93.2125
13.17604126,99.04978769,93.175
13.24843709,99.05189354,93.1375
13.32083292,99.05398269,93.1
13.39322875,99.05605541,93.0625
13.46562458,99.05811194,93.025
13.53802041,99.06015254,92.9875
13.61041624,99.06217746,92.95
13.68281207,99.06418695,92.9125
13.7552079,99.06618122,92.875
13.82760374,99.0681605,92.8375
13.89999957,99.07012501,92.8
13.9723954,99.07207498,92.7625
14.04479123,99.07401062,92.725
14.11718706,99.07593212,92.6875
14.18958289,99.07783968,92.65
14.26197872,99.0797335,92.6125
14.33437455,99.08161377,92.575
14.40677038,99.08348068,92.5375
14.47916622,99.08533441,92.5
14.55156205,99.08717514,92.4625
14.62395788,99.08900303,92.425
14.69635371,99.09081826,92.3875
14.76874954,99.092621,92.35
14.84114537,99.0944114,92.3125
14.9135412,99.09618964,92.275
14.98593703,99.09795584,92.2375
15.05833286,99.09971018,92.2
15.13072869,99.1014528,92.1625
15.20312453,99.10318386,92.125
15.27552036,99.10490348,92.0875
15.34791619,99.1066118,92.05
15.42031202,99.10830898,92.0125
15.49270785,99.10999512,91.975
15.56510368,99.11167039,91.9375
15.63749951,99.1133349,91.9
15.70989534,99.11498877,91.8625
15.78229117,99.11663213,91.825
15.85468701,99.1182651,91.7875
15.92708284,99.1198878,91.75
15.99947867,99.12150035,91.7125
16.0718745,99.12310287,91.675
16.14427033,99.12469547,91.6375
16.21666616,99.12627825,91.6
16.28906199,99.12785132,91.5625
16.36145782,99.1294148,91.525
16.43385365,99.13096878,91.4875
16.50624949,99.13251337,91.45
16.57864532,99.13404868,91.4125
16.65104115,99.13557481,91.375
16.72343698,99.13709184,91.3375
16.79583281,99.13859987,91.3
16.86822864,99.140099,91.2625
16.94062447,99.14158933,91.225
17.0130203,99.14307094,91.1875
17.08541613,99.14454393,91.15
17.15781197,99.14600839,91.1125
17.2302078,99.14746439,91.075
17.30260363,99.14891203,91.0375
17.37499946,99.15035139,91
17.44739529,99.15178255,90.9625
17.51979112,99.1532056,90.925
17.59218695,99.15462062,90.8875
17.66458278,99.15602768,90.85
17.73697861,99.15742687,90.8125
17.80937444,99.15881825,90.775
17.88177028,99.16020191,90.7375
17.95416611,99.16157792,90.7
18.02656194,99.16294636,90.6625
18.09895777,99.1643073,90.625
18.1713536,99.1656608,90.5875
18.24374943,99.16700694,90.55
18.31614526,99.16834579,90.5125
18.38854109,99.16967741,90.475
18.46093692,99.17100188,90.4375
18.53333276,99.17231925,90.4
18.60572859,99.17362961,90.3625
18.67812442,99.174933,90.325
18.75052025,99.1762295,90.2875
18.82291608,99.17751916,90.25
18.89531191,99.17880205,90.2125
18.96770774,99.18007823,90.175
19.04010357,99.18134776,90.1375
19.1124994,99.1826107,90.1
19.18489524,99.18386711,90.0625
19.25729107,99.18511704,90.025
19.3296869,99.18636056,89.9875
19.40208273,99.18759772,89.95
19.47447856,99.18882857,89.9125
19.54687439,99.19005317,89.875
19.61927022,99.19127157,89.8375
19.69166605,99.19248383,89.8
19.76406188,99.19369,89.7625
19.83645771,99.19489014,89.725
19.90885355,99.19608429,89.6875
19.98124938,99.19727251,89.65
20.05364521,99.19845483,89.6125
20.12604104,99.19963133,89.575
20.19843687,99.20080203,89.5375
20.2708327,99.20196701,89.5
20.34322853,99.20312629,89.4625
20.41562436,99.20427993,89.425
20.48802019,99.20542797,89.3875
20.56041603,99.20657046,89.35
20.63281186,99.20770745,89.3125
20.70520769,99.20883897,89.275
20.77760352,99.20996508,89.2375
20.84999935,99.21108583,89.2
20.92239518,99.21220124,89.1625
20.99479101,99.21331137,89.125
21.06718684,99.21441626,89.0875
21.13958267,99.21551595,89.05
21.21197851,99.21661047,89.0125
21.28437434,99.21769988,88.975
21.35677017,99.21878421,88.9375
21.429166,99.2198635,88.9
21.50156183,99.2209378,88.8625
21.57395766,99.22200714,88.825
21.64635349,99.22307155,88.7875
21.71874932,99.22413109,88.75
21.79114515,99.22518578,88.7125
21.86354098,99.22623566,88.675
21.93593682,99.22728078,88.6375
22.00833265,99.22832115,88.6
22.08072848,99.22935683,88.5625
22.15312431,99.23038785,88.525
22.22552014,99.23141425,88.4875
22.29791597,99.23243606,88.45
22.3703118,99.23345331,88.4125
22.44270763,99.23446603,88.375
22.51510346,99.23547427,88.3375
22.5874993,99.23647805,88.3
22.65989513,99.23747741,88.2625
22.73229096,99.23847238,88.225
22.80468679,99.239463,88.1875
22.87708262,99.24044929,88.15
22.94947845,99.24143129,88.1125
23.02187428,99.24240903,88.075
23.09427011,99.24338254,88.0375
23.16666594,99.24435185,88
23.23906178,99.24531699,87.9625
23.31145761,99.24627799,87.925
23.38385344,99.24723488,87.8875
23.45624927,99.24818769,87.85
23.5286451,99.24913646,87.8125
23.60104093,99.2500812,87.775
23.67343676,99.25102195,87.7375
23.74583259,99.25195874,87.7
23.81822842,99.25289159,87.6625
23.89062426,99.25382053,87.625
23.96302009,99.2547456,87.5875
24.03541592,99.2556668,87.55
24.10781175,99.25658419,87.5125
24.18020758,99.25749777,87.475
24.25260341,99.25840758,87.4375
24.32499924,99.25931364,87.4
24.39739507,99.26021598,87.3625
24.4697909,99.26111463,87.325
24.54218673,99.26200961,87.2875
24.61458257,99.26290094,87.25
24.6869784,99.26378865,87.2125
24.75937423,99.26467276,87.175
24.83177006,99.26555331,87.1375
24.90416589,99.26643031,87.1
24.97656172,99.26730378,87.0625
25.04895755,99.26817376,87.025
25.12135338,99.26904027,86.9875
25.19374921,99.26990332,86.95
25.26614505,99.27076294,86.9125
25.33854088,99.27161915,86.875
25.41093671,99.27247198,86.8375
25.48333254,99.27332145,86.8
25.55572837,99.27416758,86.7625
25.6281242,99.27501039,86.725
25.70052003,99.27584991,86.6875
25.77291586,99.27668616,86.65
25.84531169,99.27751916,86.6125
25.91770753,99.27834892,86.575
25.99010336,99.27917548,86.5375
26.06249919,99.27999884,86.5
26.13489502,99.28081904,86.4625
26.20729085,99.28163609,86.425
26.27968668,99.28245001,86.3875
26.35208251,99.28326082,86.35
26.42447834,99.28406854,86.3125
26.49687417,99.2848732,86.275
26.56927,99.28567482,86.2375
26.64166584,99.2864734,86.2
26.71406167,99.28726897,86.1625
26.7864575,99.28806155,86.125
26.85885333,99.28885116,86.0875
26.93124916,99.28963782,86.05
27.00364499,99.29042154,86.0125
27.07604082,99.29120234,85.975
27.14843665,99.29198025,85.9375
27.22083248,99.29275528,85.9
27.29322832,99.29352744,85.8625
27.36562415,99.29429676,85.825
27.43801998,99.29506326,85.7875
27.51041581,99.29582694,85.75
27.58281164,99.29658784,85.7125
27.65520747,99.29734595,85.675
27.7276033,99.29810131,85.6375
27.79999913,99.29885393,85.6
27.87239496,99.29960382,85.5625
27.9447908,99.30035101,85.525
28.01718663,99.3010955,85.4875
28.08958246,99.30183732,85.45
28.16197829,99.30257648,85.4125
28.23437412,99.30331299,85.375
28.30676995,99.30404688,85.3375
28.37916578,99.30477816,85.3
28.45156161,99.30550684,85.2625
28.52395744,99.30623294,85.225
28.59635328,99.30695648,85.1875
28.66874911,99.30767746,85.15
28.74114494,99.30839591,85.1125
28.81354077,99.30911184,85.075
28.8859366,99.30982526,85.0375
28.95833243,99.31053619,85
29.03072826,99.31124465,84.9625
29.10312409,99.31195065,84.925
29.17551992,99.3126542,84.8875
29.24791575,99.31335531,84.85
29.32031159,99.31405401,84.8125
29.39270742,99.3147503,84.775
29.46510325,99.3154442,84.7375
29.53749908,99.31613572,84.7
29.60989491,99.31682488,84.6625
29.68229074,99.31751169,84.625
29.75468657,99.31819616,84.5875
29.8270824,99.31887832,84.55
29.89947823,99.31955816,84.5125
29.97187407,99.3202357,84.475
30.0442699,99.32091096,84.4375
30.11666573,99.32158395,84.4
30.18906156,99.32225468,84.3625
30.26145739,99.32292316,84.325
30.33385322,99.32358941,84.2875
30.40624905,99.32425344,84.25
30.47864488,99.32491527,84.2125
30.55104071,99.32557489,84.175
30.62343655,99.32623234,84.1375
30.69583238,99.32688761,84.1
30.76822821,99.32754073,84.0625
30.84062404,99.32819169,84.025
30.91301987,99.32884052,83.9875
30.9854157,99.32948723,83.95
31.05781153,99.33013183,83.9125
31.13020736,99.33077432,83.875
31.20260319,99.33141473,83.8375
31.27499902,99.33205305,83.8
31.34739486,99.33268931,83.7625
31.41979069,99.33332352,83.725
31.49218652,99.33395568,83.6875
31.56458235,99.33458581,83.65
31.63697818,99.33521392,83.6125
31.70937401,99.33584002,83.575
31.78176984,99.33646411,83.5375
31.85416567,99.33708622,83.5
31.9265615,99.33770635,83.4625
31.99895734,99.33832451,83.425
32.07135317,99.33894071,83.3875
32.143749,99.33955496,83.35
32.21614483,99.34016728,83.3125
32.28854066,99.34077767,83.275
32.36093649,99.34138614,83.2375
32.43333232,99.3419927,83.2
32.50572815,99.34259737,83.1625
32.57812398,99.34320016,83.125
32.65051982,99.34380107,83.0875
32.72291565,99.34440011,83.05
32.79531148,99.34499729,83.0125
32.86770731,99.34559262,82.975
32.94010314,99.34618612,82.9375
33.01249897,99.34677779,82.9
33.0848948,99.34736764,82.8625
33.15729063,99.34795568,82.825
33.22968646,99.34854191,82.7875
33.30208229,99.34912636,82.75
33.37447813,99.34970903,82.7125
33.44687396,99.35028992,82.675
33.51926979,99.35086905,82.6375
33.59166562,99.35144642,82.6
33.66406145,99.35202205,82.5625
33.73645728,99.35259595,82.525
33.80885311,99.35316811,82.4875
33.88124894,99.35373856,82.45
33.95364477,99.35430729,82.4125
34.02604061,99.35487432,82.375
34.09843644,99.35543966,82.3375
34.17083227,99.35600331,82.3
34.2432281,99.35656529,82.2625
34.31562393,99.35712559,82.225
34.38801976,99.35768424,82.1875
34.46041559,99.35824124,82.15
34.53281142,99.35879659,82.1125
34.60520725,99.35935031,82.075
34.67760309,99.3599024,82.0375
34.74999892,99.36045287,82
34.82239475,99.36100173,81.9625
34.89479058,99.36154899,81.925
34.96718641,99.36209465,81.8875
35.03958224,99.36263872,81.85
35.11197807,99.36318121,81.8125
35.1843739,99.36372213,81.775
35.25676973,99.36426149,81.7375
35.32916557,99.36479929,81.7
35.4015614,99.36533553,81.6625
35.47395723,99.36587024,81.625
35.54635306,99.36640342,81.5875
35.61874889,99.36693506,81.55
35.69114472,99.36746519,81.5125
35.76354055,99.3679938,81.475
35.83593638,99.36852091,81.4375
35.90833221,99.36904652,81.4
35.98072804,99.36957064,81.3625
36.05312388,99.37009328,81.325
36.12551971,99.37061443,81.2875
36.19791554,99.37113412,81.25
36.27031137,99.37165235,81.2125
36.3427072,99.37216912,81.175
36.41510303,99.37268444,81.1375
36.48749886,99.37319832,81.1
36.55989469,99.37371076,81.0625
36.63229052,99.37422178,81.025
36.70468636,99.37473137,80.9875
36.77708219,99.37523955,80.95
36.84947802,99.37574632,80.9125
36.92187385,99.37625169,80.875
36.99426968,99.37675566,80.8375
37.06666551,99.37725824,80.8
37.13906134,99.37775944,80.7625
37.21145717,99.37825926,80.725
37.283853,99.37875771,80.6875
37.35624884,99.3792548,80.65
37.42864467,99.37975053,80.6125
37.5010405,99.38024491,80.575
37.57343633,99.38073795,80.5375
37.64583216,99.38122965,80.5
37.71822799,99.38172001,80.4625
37.79062382,99.38220905,80.425
37.86301965,99.38269677,80.3875
37.93541548,99.38318317,80.35
38.00781131,99.38366827,80.3125
38.08020715,99.38415206,80.275
38.15260298,99.38463455,80.2375
38.22499881,99.38511575,80.2
38.29739464,99.38559567,80.1625
38.36979047,99.3860743,80.125
38.4421863,99.38655167,80.0875
38.51458213,99.38702776,80.05
38.58697796,99.38750259,80.0125
38.65937379,99.38797617,79.975
38.73176963,99.3884485,79.9375
38.80416546,99.38891958,79.9
38.87656129,99.38938942,79.8625
38.94895712,99.38985802,79.825
39.02135295,99.3903254,79.7875
39.09374878,99.39079155,79.75
39.16614461,99.39125649,79.7125
39.23854044,99.39172021,79.675
39.31093627,99.39218272,79.6375
39.38333211,99.39264403,79.6
39.45572794,99.39310414,79.5625
39.52812377,99.39356306,79.525
39.6005196,99.3940208,79.4875
39.67291543,99.39447735,79.45
39.74531126,99.39493272,79.4125
39.81770709,99.39538693,79.375
39.89010292,99.39583997,79.3375
39.96249875,99.39629184,79.3
40.03489459,99.39674257,79.2625
40.10729042,99.39719214,79.225
40.17968625,99.39764056,79.1875
40.25208208,99.39808784,79.15
40.32447791,99.39853399,79.1125
40.39687374,99.398979,79.075
40.46926957,99.39942289,79.0375
40.5416654,99.39986565,79
40.61406123,99.4003073,78.9625
40.68645706,99.40074783,78.925
40.7588529,99.40118726,78.8875
40.83124873,99.40162558,78.85
40.90364456,99.40206281,78.8125
40.97604039,99.40249894,78.775
41.04843622,99.40293398,78.7375
41.12083205,99.40336794,78.7
41.19322788,99.40380081,78.6625
41.26562371,99.40423262,78.625
41.33801954,99.40466335,78.5875
41.41041538,99.40509301,78.55
41.48281121,99.40552161,78.5125
41.55520704,99.40594915,78.475
41.62760287,99.40637564,78.4375
41.6999987,99.40680109,78.4
41.77239453,99.40722548,78.3625
41.84479036,99.40764884,78.325
41.91718619,99.40807115,78.2875
41.98958202,99.40849244,78.25
42.06197786,99.4089127,78.2125
42.13437369,99.40933194,78.175
42.20676952,99.40975015,78.1375
42.27916535,99.41016735,78.1
42.35156118,99.41058355,78.0625
42.42395701,99.41099873,78.025
42.49635284,99.41141291,77.9875
42.56874867,99.4118261,77.95
42.6411445,99.41223829,77.9125
42.71354033,99.41264948,77.875
42.78593617,99.41305969,77.8375
42.858332,99.41346892,77.8
42.93072783,99.41387717,77.7625
43.00312366,99.41428445,77.725
43.07551949,99.41469075,77.6875
43.14791532,99.41509609,77.65
43.22031115,99.41550046,77.6125
43.29270698,99.41590388,77.575
43.36510281,99.41630634,77.5375
43.43749865,99.41670785,77.5
43.50989448,99.41710841,77.4625
43.58229031,99.41750802,77.425
43.65468614,99.4179067,77.3875
43.72708197,99.41830444,77.35
43.7994778,99.41870125,77.3125
43.87187363,99.41909713,77.275
43.94426946,99.41949208,77.2375
44.01666529,99.41988611,77.2
44.08906113,99.42027923,77.1625
44.16145696,99.42067142,77.125
44.23385279,99.42106271,77.0875
44.30624862,99.42145309,77.05
44.37864445,99.42184256,77.0125
44.45104028,99.42223114,76.975
44.52343611,99.42261882,76.9375
44.59583194,99.4230056,76.9
44.66822777,99.4233915,76.8625
44.74062361,99.4237765,76.825
44.81301944,99.42416063,76.7875
44.88541527,99.42454388,76.75
44.9578111,99.42492625,76.7125
45.03020693,99.42530774,76.675
45.10260276,99.42568837,76.6375
45.17499859,99.42606813,76.6
45.24739442,99.42644703,76.5625
45.31979025,99.42682507,76.525
45.39218608,99.42720225,76.4875
45.46458192,99.42757858,76.45
45.53697775,99.42795406,76.4125
45.60937358,99.42832869,76.375
45.68176941,99.42870248,76.3375
45.75416524,99.42907542,76.3
45.82656107,99.42944753,76.2625
45.8989569,99.42981881,76.225
45.97135273,99.43018926,76.1875
46.04374856,99.43055888,76.15
46.1161444,99.43092768,76.1125
46.18854023,99.43129565,76.075
46.26093606,99.43166281,76.0375
46.33333189,99.43202915,76
46.40572772,99.43239468,75.9625
46.47812355,99.4327594,75.925
46.55051938,99.43312331,75.8875
46.62291521,99.43348642,75.85
46.69531104,99.43384873,75.8125
46.76770688,99.43421024,75.775
46.84010271,99.43457096,75.7375
46.91249854,99.43493088,75.7
46.98489437,99.43529002,75.6625
47.0572902,99.43564837,75.625
47.12968603,99.43600594,75.5875
47.20208186,99.43636273,75.55
47.27447769,99.43671875,75.5125
47.34687352,99.43707399,75.475
47.41926935,99.43742846,75.4375
47.49166519,99.43778216,75.4
47.56406102,99.43813509,75.3625
47.63645685,99.43848726,75.325
47.70885268,99.43883868,75.2875
47.78124851,99.43918933,75.25
47.85364434,99.43953923,75.2125
47.92604017,99.43988838,75.175
47.998436,99.44023678,75.1375
48.07083183,99.44058444,75.1
48.14322767,99.44093135,75.0625
48.2156235,99.44127752,75.025
48.28801933,99.44162295,74.9875
48.36041516,99.44196764,74.95
48.43281099,99.4423116,74.9125
48.50520682,99.44265484,74.875
48.57760265,99.44299734,74.8375
48.64999848,99.44333912,74.8
48.72239431,99.44368017,74.7625
48.79479015,99.44402051,74.725
48.86718598,99.44436013,74.6875
48.93958181,99.44469903,74.65
49.01197764,99.44503723,74.6125
49.08437347,99.44537471,74.575
49.1567693,99.44571148,74.5375
49.22916513,99.44604755,74.5
49.30156096,99.44638292,74.4625
49.37395679,99.44671759,74.425
49.44635262,99.44705156,74.3875
49.51874846,99.44738484,74.35
49.59114429,99.44771742,74.3125
49.66354012,99.44804931,74.275
49.73593595,99.44838052,74.2375
49.80833178,99.44871104,74.2
49.88072761,99.44904087,74.1625
49.95312344,99.44937003,74.125
50.02551927,99.44969851,74.0875
50.0979151,99.45002631,74.05
50.17031094,99.45035344,74.0125
50.24270677,99.4506799,73.975
50.3151026,99.45100568,73.9375
50.38749843,99.45133081,73.9
50.45989426,99.45165527,73.8625
50.53229009,99.45197906,73.825
50.60468592,99.4523022,73.7875
50.67708175,99.45262468,73.75
50.74947758,99.45294651,73.7125
50.82187342,99.45326768,73.675
50.89426925,99.4535882,73.6375
50.96666508,99.45390807,73.6
51.03906091,99.4542273,73.5625
51.11145674,99.45454588,73.525
51.18385257,99.45486382,73.4875
51.2562484,99.45518112,73.45
51.32864423,99.45549778,73.4125
51.40104006,99.45581381,73.375
51.4734359,99.45612921,73.3375
51.54583173,99.45644397,73.3
51.61822756,99.4567581,73.2625
51.69062339,99.45707161,73.225
51.76301922,99.45738449,73.1875
51.83541505,99.45769675,73.15
51.90781088,99.4580084,73.1125
51.98020671,99.45831942,73.075
52.05260254,99.45862982,73.0375
52.12499837,99.45893962,73
52.19739421,99.45924879,72.9625
52.26979004,99.45955736,72.925
52.34218587,99.45986533,72.8875
52.4145817,99.46017268,72.85
52.48697753,99.46047943,72.8125
52.55937336,99.46078558,72.775
52.63176919,99.46109113,72.7375
52.70416502,99.46139608,72.7
52.77656085,99.46170043,72.6625
52.84895669,99.46200419,72.625
52.92135252,99.46230736,72.5875
52.99374835,99.46260993,72.55
53.06614418,99.46291192,72.5125
53.13854001,99.46321332,72.475
53.21093584,99.46351414,72.4375
53.28333167,99.46381437,72.4
53.3557275,99.46411403,72.3625
53.42812333,99.4644131,72.325
53.50051917,99.4647116,72.2875
53.572915,99.46500952,72.25
53.64531083,99.46530687,72.2125
53.71770666,99.46560365,72.175
53.79010249,99.46589986,72.1375
53.86249832,99.4661955,72.1
53.93489415,99.46649058,72.0625
54.00728998,99.46678509,72.025
54.07968581,99.46707904,71.9875
54.15208164,99.46737243,71.95
54.22447748,99.46766526,71.9125
54.29687331,99.46795753,71.875
54.36926914,99.46824925,71.8375
54.44166497,99.46854042,71.8
54.5140608,99.46883103,71.7625
54.58645663,99.46912109,71.725
54.65885246,99.46941061,71.6875
54.73124829,99.46969958,71.65
54.80364412,99.469988,71.6125
54.87603996,99.47027589,71.575
54.94843579,99.47056323,71.5375
55.02083162,99.47085003,71.5
55.09322745,99.4711363,71.4625
55.16562328,99.47142203,71.425
55.23801911,99.47170722,71.3875
55.31041494,99.47199189,71.35
55.38281077,99.47227602,71.3125
55.4552066,99.47255962,71.275
55.52760244,99.4728427,71.2375
55.59999827,99.47312525,71.2
55.6723941,99.47340727,71.1625
55.74478993,99.47368877,71.125
55.81718576,99.47396976,71.0875
55.88958159,99.47425022,71.05
55.96197742,99.47453016,71.0125
56.03437325,99.47480959,70.975
56.10676908,99.4750885,70.9375
56.17916492,99.4753669,70.9
56.25156075,99.47564479,70.8625
56.32395658,99.47592217,70.825
56.39635241,99.47619904,70.7875
56.46874824,99.47647541,70.75
56.54114407,99.47675127,70.7125
56.6135399,99.47702663,70.675
56.68593573,99.47730148,70.6375
56.75833156,99.47757584,70.6
56.83072739,99.47784969,70.5625
56.90312323,99.47812305,70.525
56.97551906,99.47839592,70.4875
57.04791489,99.47866829,70.45
57.12031072,99.47894016,70.4125
57.19270655,99.47921155,70.375
57.26510238,99.47948244,70.3375
57.33749821,99.47975285,70.3
57.40989404,99.48002277,70.2625
57.48228987,99.4802922,70.225
57.55468571,99.48056115,70.1875
57.62708154,99.48082962,70.15
57.69947737,99.48109761,70.1125
57.7718732,99.48136512,70.075
57.84426903,99.48163215,70.0375
57.91666486,99.4818987,70
57.98906069,99.48216478,69.9625
58.06145652,99.48243038,69.925
58.13385235,99.48269552,69.8875
58.20624819,99.48296018,69.85
58.27864402,99.48322437,69.8125
58.35103985,99.48348809,69.775
58.42343568,99.48375135,69.7375
58.49583151,99.48401414,69.7
58.56822734,99.48427647,69.6625
58.64062317,99.48453834,69.625
58.713019,99.48479975,69.5875
58.78541483,99.48506069,69.55
58.85781066,99.48532118,69.5125
58.9302065,99.48558121,69.475
59.00260233,99.48584078,69.4375
59.07499816,99.4860999,69.4
59.14739399,99.48635857,69.3625
59.21978982,99.48661679,69.325
59.29218565,99.48687455,69.2875
59.36458148,99.48713187,69.25
59.43697731,99.48738874,69.2125
59.50937314,99.48764516,69.175
59.58176898,99.48790114,69.1375
59.65416481,99.48815667,69.1
59.72656064,99.48841176,69.0625
59.79895647,99.48866641,69.025
59.8713523,99.48892062,68.9875
59.94374813,99.48917439,68.95
60.01614396,99.48942773,68.9125
60.08853979,99.48968062,68.875
60.16093562,99.48993309,68.8375
60.23333146,99.49018512,68.8
60.30572729,99.49043672,68.7625
60.37812312,99.49068788,68.725
60.45051895,99.49093862,68.6875
60.52291478,99.49118893,68.65
60.59531061,99.49143881,68.6125
60.66770644,99.49168827,68.575
60.74010227,99.4919373,68.5375
60.8124981,99.49218591,68.5
60.88489393,99.49243409,68.4625
60.95728977,99.49268185,68.425
61.0296856,99.4929292,68.3875
61.10208143,99.49317612,68.35
61.17447726,99.49342263,68.3125
61.24687309,99.49366872,68.275
61.31926892,99.49391439,68.2375
61.39166475,99.49415966,68.2
61.46406058,99.4944045,68.1625
61.53645641,99.49464894,68.125
61.60885225,99.49489297,68.0875
61.68124808,99.49513659,68.05
61.75364391,99.49537979,68.0125
61.82603974,99.4956226,67.975
61.89843557,99.49586499,67.9375
61.9708314,99.49610698,67.9
62.04322723,99.49634857,67.8625
62.11562306,99.49658976,67.825
62.18801889,99.49683054,67.7875
62.26041473,99.49707093,67.75
62.33281056,99.49731091,67.7125
62.40520639,99.4975505,67.675
62.47760222,99.49778969,67.6375
62.54999805,99.49802849,67.6
62.62239388,99.49826689,67.5625
62.69478971,99.4985049,67.525
62.76718554,99.49874251,67.4875
62.83958137,99.49897973,67.45
62.91197721,99.49921657,67.4125
62.98437304,99.49945301,67.375
63.05676887,99.49968906,67.3375
63.1291647,99.49992473,67.3
63.20156053,99.50016002,67.2625
63.27395636,99.50039491,67.225
63.34635219,99.50062943,67.1875
63.41874802,99.50086356,67.15
63.49114385,99.50109731,67.1125
63.56353968,99.50133068,67.075
63.63593552,99.50156367,67.0375
63.70833135,99.50179628,67
63.78072718,99.50202851,66.9625
63.85312301,99.50226037,66.925
63.92551884,99.50249185,66.8875
63.99791467,99.50272296,66.85
64.0703105,99.50295369,66.8125
64.14270633,99.50318405,66.775
64.21510216,99.50341404,66.7375
64.287498,99.50364366,66.7
64.35989383,99.50387291,66.6625
64.43228966,99.5041018,66.625
64.50468549,99.50433031,66.5875
64.57708132,99.50455846,66.55
64.64947715,99.50478624,66.5125
64.72187298,99.50501366,66.475
64.79426881,99.50524072,66.4375
64.86666464,99.50546741,66.4
64.93906048,99.50569374,66.3625
65.01145631,99.50591971,66.325
65.08385214,99.50614532,66.2875
65.15624797,99.50637058,66.25
65.2286438,99.50659547,66.2125
65.30103963,99.50682001,66.175
65.37343546,99.50704419,66.1375
65.44583129,99.50726802,66.1
65.51822712,99.5074915,66.0625
65.59062295,99.50771462,66.025
65.66301879,99.50793739,65.9875
65.73541462,99.50815981,65.95
65.80781045,99.50838188,65.9125
65.88020628,99.5086036,65.875
65.95260211,99.50882497,65.8375
66.02499794,99.509046,65.8
66.09739377,99.50926668,65.7625
66.1697896,99.50948701,65.725
66.24218543,99.509707,65.6875
66.31458127,99.50992665,65.65
66.3869771,99.51014595,65.6125
66.45937293,99.51036491,65.575
66.53176876,99.51058353,65.5375
66.60416459,99.51080181,65.5
66.67656042,99.51101975,65.4625
66.74895625,99.51123735,65.425
66.82135208,99.51145462,65.3875
66.89374791,99.51167155,65.35
66.96614375,99.51188814,65.3125
67.03853958,99.5121044,65.275
67.11093541,99.51232033,65.2375
67.18333124,99.51253592,65.2
67.25572707,99.51275118,65.1625
67.3281229,99.51296611,65.125
67.40051873,99.51318071,65.0875
67.47291456,99.51339498,65.05
67.54531039,99.51360892,65.0125
67.61770623,99.51382253,64.975
67.69010206,99.51403582,64.9375
67.76249789,99.51424878,64.9
67.83489372,99.51446142,64.8625
67.90728955,99.51467373,64.825
67.97968538,99.51488572,64.7875
68.05208121,99.51509738,64.75
68.12447704,99.51530873,64.7125
68.19687287,99.51551975,64.675
68.2692687,99.51573045,64.6375
68.34166454,99.51594083,64.6
68.41406037,99.5161509,64.5625
68.4864562,99.51636064,64.525
68.55885203,99.51657007,64.4875
68.63124786,99.51677918,64.45
68.70364369,99.51698798,64.4125
68.77603952,99.51719646,64.375
68.84843535,99.51740463,64.3375
68.92083118,99.51761249,64.3
68.99322702,99.51782003,64.2625
69.06562285,99.51802727,64.225
69.13801868,99.51823419,64.1875
69.21041451,99.5184408,64.15
69.28281034,99.5186471,64.1125
69.35520617,99.5188531,64.075
69.427602,99.51905879,64.0375
69.49999783,99.51926417,64
69.57239366,99.51946924,63.9625
69.6447895,99.51967402,63.925
69.71718533,99.51987848,63.8875
69.78958116,99.52008264,63.85
69.86197699,99.5202865,63.8125
69.93437282,99.52049006,63.775
70.00676865,99.52069332,63.7375
70.07916448,99.52089628,63.7
70.15156031,99.52109893,63.6625
70.22395614,99.52130129,63.625
70.29635197,99.52150335,63.5875
70.36874781,99.52170511,63.55
70.44114364,99.52190657,63.5125
70.51353947,99.52210774,63.475
70.5859353,99.52230861,63.4375
70.65833113,99.52250919,63.4
70.73072696,99.52270948,63.3625
70.80312279,99.52290947,63.325
70.87551862,99.52310917,63.2875
70.94791445,99.52330857,63.25
71.02031029,99.52350769,63.2125
71.09270612,99.52370652,63.175
71.16510195,99.52390505,63.1375
71.23749778,99.5241033,63.1
71.30989361,99.52430126,63.0625
71.38228944,99.52449893,63.025
71.45468527,99.52469631,62.9875
71.5270811,99.52489341,62.95
71.59947693,99.52509023,62.9125
71.67187277,99.52528676,62.875
71.7442686,99.525483,62.8375
71.81666443,99.52567896,62.8
71.88906026,99.52587464,62.7625
71.96145609,99.52607004,62.725
72.03385192,99.52626516,62.6875
72.10624775,99.52645999,62.65
72.17864358,99.52665455,62.6125
72.25103941,99.52684883,62.575
72.32343524,99.52704283,62.5375
72.39583108,99.52723655,62.5
72.46822691,99.52742999,62.4625
72.54062274,99.52762316,62.425
72.61301857,99.52781605,62.3875
72.6854144,99.52800867,62.35
72.75781023,99.52820101,62.3125
72.83020606,99.52839308,62.275
72.90260189,99.52858487,62.2375
72.97499772,99.5287764,62.2
73.04739356,99.52896765,62.1625
73.11978939,99.52915863,62.125
73.19218522,99.52934934,62.0875
73.26458105,99.52953977,62.05
73.33697688,99.52972995,62.0125
73.40937271,99.52991985,61.975
73.48176854,99.53010948,61.9375
73.55416437,99.53029885,61.9
73.6265602,99.53048795,61.8625
73.69895604,99.53067678,61.825
73.77135187,99.53086535,61.7875
73.8437477,99.53105365,61.75
73.91614353,99.53124169,61.7125
73.98853936,99.53142947,61.675
74.06093519,99.53161698,61.6375
74.13333102,99.53180423,61.6
74.20572685,99.53199122,61.5625
74.27812268,99.53217795,61.525
74.35051852,99.53236442,61.4875
74.42291435,99.53255063,61.45
74.49531018,99.53273658,61.4125
74.56770601,99.53292227,61.375
74.64010184,99.5331077,61.3375
74.71249767,99.53329288,61.3
74.7848935,99.53347779,61.2625
74.85728933,99.53366246,61.225
74.92968516,99.53384686,61.1875
75.00208099,99.53403101,61.15
75.07447683,99.53421491,61.1125
75.14687266,99.53439856,61.075
75.21926849,99.53458195,61.0375
75.29166432,99.53476508,61
75.36406015,99.53494797,60.9625
75.43645598,99.5351306,60.925
75.50885181,99.53531299,60.8875
75.58124764,99.53549512,60.85
75.65364347,99.535677,60.8125
75.72603931,99.53585864,60.775
75.79843514,99.53604003,60.7375
75.87083097,99.53622116,60.7
75.9432268,99.53640205,60.6625
76.01562263,99.5365827,60.625
76.08801846,99.5367631,60.5875
76.16041429,99.53694325,60.55
76.23281012,99.53712316,60.5125
76.30520595,99.53730282,60.475
76.37760179,99.53748224,60.4375
76.44999762,99.53766142,60.4
76.52239345,99.53784035,60.3625
76.59478928,99.53801904,60.325
76.66718511,99.53819749,60.2875
76.73958094,99.5383757,60.25
76.81197677,99.53855366,60.2125
76.8843726,99.53873139,60.175
76.95676843,99.53890888,60.1375
77.02916426,99.53908613,60.1
77.1015601,99.53926314,60.0625
77.17395593,99.53943991,60.025
77.24635176,99.53961644,59.9875
77.31874759,99.53979274,59.95
77.39114342,99.5399688,59.9125
77.46353925,99.54014463,59.875
77.53593508,99.54032022,59.8375
77.60833091,99.54049557,59.8
77.68072674,99.5406707,59.7625
77.75312258,99.54084558,59.725
77.82551841,99.54102024,59.6875
77.89791424,99.54119466,59.65
77.97031007,99.54136885,59.6125
78.0427059,99.54154281,59.575
78.11510173,99.54171654,59.5375
78.18749756,99.54189004,59.5
78.25989339,99.54206331,59.4625
78.33228922,99.54223634,59.425
78.40468506,99.54240915,59.3875
78.47708089,99.54258173,59.35
78.54947672,99.54275409,59.3125
78.62187255,99.54292621,59.275
78.69426838,99.54309811,59.2375
78.76666421,99.54326979,59.2
78.83906004,99.54344123,59.1625
78.91145587,99.54361245,59.125
78.9838517,99.54378345,59.0875
79.05624754,99.54395422,59.05
79.12864337,99.54412477,59.0125
79.2010392,99.5442951,58.975
79.27343503,99.5444652,58.9375
79.34583086,99.54463508,58.9
79.41822669,99.54480473,58.8625
79.49062252,99.54497417,58.825
79.56301835,99.54514338,58.7875
79.63541418,99.54531238,58.75
79.70781001,99.54548115,58.7125
79.78020585,99.54564971,58.675
79.85260168,99.54581805,58.6375
79.92499751,99.54598616,58.6
79.99739334,99.54615406,58.5625
80.06978917,99.54632174,58.525
80.142185,99.54648921,58.4875
80.21458083,99.54665646,58.45
80.28697666,99.54682349,58.4125
80.35937249,99.54699031,58.375
80.43176833,99.54715691,58.3375
80.50416416,99.5473233,58.3
80.57655999,99.54748947,58.2625
80.64895582,99.54765543,58.225
80.72135165,99.54782118,58.1875
80.79374748,99.54798671,58.15
80.86614331,99.54815203,58.1125
80.93853914,99.54831714,58.075
81.01093497,99.54848204,58.0375
81.08333081,99.54864672,58
81.15572664,99.5488112,57.9625
81.22812247,99.54897546,57.925
81.3005183,99.54913952,57.8875
81.37291413,99.54930337,57.85
81.44530996,99.549467,57.8125
81.51770579,99.54963043,57.775
81.59010162,99.54979366,57.7375
81.66249745,99.54995667,57.7
81.73489328,99.55011948,57.6625
81.80728912,99.55028208,57.625
81.87968495,99.55044447,57.5875
81.95208078,99.55060666,57.55
82.02447661,99.55076865,57.5125
82.09687244,99.55093043,57.475
82.16926827,99.551092,57.4375
82.2416641,99.55125337,57.4
82.31405993,99.55141454,57.3625
82.38645576,99.5515755,57.325
82.4588516,99.55173627,57.2875
82.53124743,99.55189683,57.25
82.60364326,99.55205718,57.2125
82.67603909,99.55221734,57.175
82.74843492,99.5523773,57.1375
82.82083075,99.55253706,57.1
82.89322658,99.55269661,57.0625
82.96562241,99.55285597,57.025
83.03801824,99.55301513,56.9875
83.11041408,99.55317409,56.95
83.18280991,99.55333285,56.9125
83.25520574,99.55349141,56.875
83.32760157,99.55364978,56.8375
83.3999974,99.55380794,56.8
83.47239323,99.55396592,56.7625
83.54478906,99.55412369,56.725
83.61718489,99.55428127,56.6875
83.68958072,99.55443865,56.65
83.76197655,99.55459584,56.6125
83.83437239,99.55475284,56.575
83.90676822,99.55490964,56.5375
83.97916405,99.55506624,56.5
84.05155988,99.55522266,56.4625
84.12395571,99.55537888,56.425
84.19635154,99.55553491,56.3875
84.26874737,99.55569074,56.35
84.3411432,99.55584638,56.3125
84.41353903,99.55600184,56.275
84.48593487,99.5561571,56.2375
84.5583307,99.55631217,56.2
84.63072653,99.55646705,56.1625
84.70312236,99.55662174,56.125
84.77551819,99.55677624,56.0875
84.84791402,99.55693055,56.05
84.92030985,99.55708468,56.0125
84.99270568,99.55723861,55.975
85.06510151,99.55739236,55.9375
85.13749735,99.55754592,55.9
85.20989318,99.55769929,55.8625
85.28228901,99.55785248,55.825
85.35468484,99.55800548,55.7875
85.42708067,99.5581583,55.75
85.4994765,99.55831093,55.7125
85.57187233,99.55846337,55.675
85.64426816,99.55861563,55.6375
85.71666399,99.55876771,55.6
85.78905983,99.5589196,55.5625
85.86145566,99.55907131,55.525
85.93385149,99.55922283,55.4875
86.00624732,99.55937417,55.45
86.07864315,99.55952533,55.4125
86.15103898,99.55967631,55.375
86.22343481,99.5598271,55.3375
86.29583064,99.55997772,55.3
86.36822647,99.56012815,55.2625
86.4406223,99.5602784,55.225
86.51301814,99.56042848,55.1875
86.58541397,99.56057837,55.15
86.6578098,99.56072808,55.1125
86.73020563,99.56087761,55.075
86.80260146,99.56102697,55.0375
86.87499729,99.56117614,55
86.94739312,99.56132514,54.9625
87.01978895,99.56147396,54.925
87.09218478,99.5616226,54.8875
87.16458062,99.56177107,54.85
87.23697645,99.56191936,54.8125
87.30937228,99.56206747,54.775
87.38176811,99.56221541,54.7375
87.45416394,99.56236317,54.7
87.52655977,99.56251076,54.6625
87.5989556,99.56265817,54.625
87.67135143,99.5628054,54.5875
87.74374726,99.56295247,54.55
87.8161431,99.56309936,54.5125
87.88853893,99.56324607,54.475
87.96093476,99.56339261,54.4375
88.03333059,99.56353898,54.4
88.10572642,99.56368518,54.3625
88.17812225,99.56383121,54.325
88.25051808,99.56397706,54.2875
88.32291391,99.56412274,54.25
88.39530974,99.56426825,54.2125
88.46770557,99.56441359,54.175
88.54010141,99.56455876,54.1375
88.61249724,99.56470376,54.1
88.68489307,99.56484859,54.0625
88.7572889,99.56499325,54.025
88.82968473,99.56513774,53.9875
88.90208056,99.56528207,53.95
88.97447639,99.56542622,53.9125
89.04687222,99.56557021,53.875
89.11926805,99.56571402,53.8375
89.19166389,99.56585768,53.8
89.26405972,99.56600116,53.7625
89.33645555,99.56614448,53.725
89.40885138,99.56628763,53.6875
89.48124721,99.56643061,53.65
89.55364304,99.56657343,53.6125
89.62603887,99.56671608,53.575
89.6984347,99.56685857,53.5375
89.77083053,99.5670009,53.5
89.84322637,99.56714306,53.4625
89.9156222,99.56728505,53.425
89.98801803,99.56742688,53.3875
90.06041386,99.56756855,53.35
90.13280969,99.56771005,53.3125
90.20520552,99.5678514,53.275
90.27760135,99.56799258,53.2375
90.34999718,99.56813359,53.2
90.42239301,99.56827445,53.1625
90.49478885,99.56841514,53.125
90.56718468,99.56855567,53.0875
90.63958051,99.56869605,53.05
90.71197634,99.56883626,53.0125
90.78437217,99.56897631,52.975
90.856768,99.5691162,52.9375
90.92916383,99.56925593,52.9
91.00155966,99.5693955,52.8625
91.07395549,99.56953491,52.825
91.14635132,99.56967417,52.7875
91.21874716,99.56981326,52.75
91.29114299,99.5699522,52.7125
91.36353882,99.57009098,52.675
91.43593465,99.5702296,52.6375
91.50833048,99.57036806,52.6
91.58072631,99.57050637,52.5625
91.65312214,99.57064452,52.525
91.72551797,99.57078251,52.4875
91.7979138,99.57092035,52.45
91.87030964,99.57105804,52.4125
91.94270547,99.57119556,52.375
92.0151013,99.57133293,52.3375
92.08749713,99.57147015,52.3
92.15989296,99.57160721,52.2625
92.23228879,99.57174412,52.225
92.30468462,99.57188087,52.1875
92.37708045,99.57201747,52.15
92.44947628,99.57215392,52.1125
92.52187212,99.57229021,52.075
92.59426795,99.57242635,52.0375
92.66666378,99.57256234,52
92.73905961,99.57269818,51.9625
92.81145544,99.57283386,51.925
92.88385127,99.57296939,51.8875
92.9562471,99.57310478,51.85
93.02864293,99.57324001,51.8125
93.10103876,99.57337509,51.775
93.17343459,99.57351001,51.7375
93.24583043,99.57364479,51.7
93.31822626,99.57377942,51.6625
93.39062209,99.5739139,51.625
93.46301792,99.57404823,51.5875
93.53541375,99.57418241,51.55
93.60780958,99.57431644,51.5125
93.68020541,99.57445033,51.475
93.75260124,99.57458406,51.4375
93.82499707,99.57471765,51.4
93.89739291,99.57485109,51.3625
93.96978874,99.57498438,51.325
94.04218457,99.57511752,51.2875
94.1145804,99.57525052,51.25
94.18697623,99.57538337,51.2125
94.25937206,99.57551607,51.175
94.33176789,99.57564863,51.1375
94.40416372,99.57578105,51.1
94.47655955,99.57591331,51.0625
94.54895539,99.57604543,51.025
94.62135122,99.57617741,50.9875
94.69374705,99.57630924,50.95
94.76614288,99.57644093,50.9125
94.83853871,99.57657247,50.875
94.91093454,99.57670387,50.8375
94.98333037,99.57683513,50.8
95.0557262,99.57696624,50.7625
95.12812203,99.57709721,50.725
95.20051787,99.57722804,50.6875
95.2729137,99.57735872,50.65
95.34530953,99.57748926,50.6125
95.41770536,99.57761966,50.575
95.49010119,99.57774992,50.5375
95.56249702,99.57788004,50.5
95.63489285,99.57801001,50.4625
95.70728868,99.57813985,50.425
95.77968451,99.57826954,50.3875
95.85208034,99.57839909,50.35
95.92447618,99.57852851,50.3125
95.99687201,99.57865778,50.275
96.06926784,99.57878691,50.2375
96.14166367,99.57891591,50.2
96.2140595,99.57904476,50.1625
96.28645533,99.57917348,50.125
96.35885116,99.57930205,50.0875
96.43124699,99.57943049,50.05
96.50364282,99.57955879,50.0125
96.57603866,99.57968696,49.975
96.64843449,99.57981498,49.9375
96.72083032,99.57994287,49.9
96.79322615,99.58007062,49.8625
96.86562198,99.58019823,49.825
96.93801781,99.58032571,49.7875
97.01041364,99.58045305,49.75
97.08280947,99.58058025,49.7125
97.1552053,99.58070732,49.675
97.22760114,99.58083425,49.6375
97.29999697,99.58096104,49.6
97.3723928,99.5810877,49.5625
97.44478863,99.58121423,49.525
97.51718446,99.58134062,49.4875
97.58958029,99.58146688,49.45
97.66197612,99.581593,49.4125
97.73437195,99.58171899,49.375
97.80676778,99.58184484,49.3375
97.87916361,99.58197057,49.3
97.95155945,99.58209615,49.2625
98.02395528,99.58222161,49.225
98.09635111,99.58234693,49.1875
98.16874694,99.58247212,49.15
98.24114277,99.58259718,49.1125
98.3135386,99.5827221,49.075
98.38593443,99.5828469,49.0375
98.45833026,99.58297156,49
98.53072609,99.58309609,48.9625
98.60312193,99.58322049,48.925
98.67551776,99.58334475,48.8875
98.74791359,99.58346889,48.85
98.82030942,99.5835929,48.8125
98.89270525,99.58371678,48.775
98.96510108,99.58384052,48.7375
99.03749691,99.58396414,48.7
99.10989274,99.58408763,48.6625
99.18228857,99.58421099,48.625
99.25468441,99.58433422,48.5875
99.32708024,99.58445732,48.55
99.39947607,99.58458029,48.5125
99.4718719,99.58470314,48.475
99.54426773,99.58482585,48.4375
99.61666356,99.58494844,48.4
99.68905939,99.5850709,48.3625
99.76145522,99.58519323,48.325
99.83385105,99.58531544,48.2875
99.90624688,99.58543751,48.25
99.97864272,99.58555947,48.2125
100.0510385,99.58568129,48.175
100.1234344,99.58580299,48.1375
100.1958302,99.58592456,48.1
100.268226,99.58604601,48.0625
100.3406219,99.58616733,48.025
100.4130177,99.58628852,47.9875
100.4854135,99.58640959,47.95
100.5578094,99.58653054,47.9125
100.6302052,99.58665136,47.875
100.702601,99.58677205,47.8375
100.7749969,99.58689262,47.8
100.8473927,99.58701307,47.7625
100.9197885,99.58713339,47.725
100.9921844,99.58725359,47.6875
101.0645802,99.58737367,47.65
101.136976,99.58749362,47.6125
101.2093718,99.58761345,47.575
101.2817677,99.58773316,47.5375
101.3541635,99.58785274,47.5
101.4265593,99.5879722,47.4625
101.4989552,99.58809154,47.425
101.571351,99.58821076,47.3875
101.6437468,99.58832985,47.35
101.7161427,99.58844883,47.3125
101.7885385,99.58856768,47.275
101.8609343,99.58868641,47.2375
101.9333302,99.58880502,47.2
102.005726,99.58892351,47.1625
102.0781218,99.58904188,47.125
102.1505176,99.58916013,47.0875
102.2229135,99.58927826,47.05
102.2953093,99.58939627,47.0125
102.3677051,99.58951415,46.975
102.440101,99.58963192,46.9375
102.5124968,99.58974957,46.9
102.5848926,99.58986711,46.8625
102.6572885,99.58998452,46.825
102.7296843,99.59010181,46.7875
102.8020801,99.59021899,46.75
102.874476,99.59033604,46.7125
102.9468718,99.59045298,46.675
103.0192676,99.5905698,46.6375
103.0916635,99.59068651,46.6
103.1640593,99.59080309,46.5625
103.2364551,99.59091956,46.525
103.3088509,99.59103591,46.4875
103.3812468,99.59115214,46.45
103.4536426,99.59126826,46.4125
103.5260384,99.59138426,46.375
103.5984343,99.59150015,46.3375
103.6708301,99.59161592,46.3
103.7432259,99.59173157,46.2625
103.8156218,99.59184711,46.225
103.8880176,99.59196253,46.1875
103.9604134,99.59207783,46.15
104.0328093,99.59219302,46.1125
104.1052051,99.5923081,46.075
104.1776009,99.59242306,46.0375
104.2499967,99.59253791,46
104.3223926,99.59265264,45.9625
104.3947884,99.59276726,45.925
104.4671842,99.59288176,45.8875
104.5395801,99.59299615,45.85
104.6119759,99.59311043,45.8125
104.6843717,99.59322459,45.775
104.7567676,99.59333865,45.7375
104.8291634,99.59345258,45.7
104.9015592,99.59356641,45.6625
104.9739551,99.59368012,45.625
105.0463509,99.59379372,45.5875
105.1187467,99.59390721,45.55
105.1911426,99.59402058,45.5125
105.2635384,99.59413385,45.475
105.3359342,99.594247,45.4375
105.40833,99.59436004,45.4
105.4807259,99.59447297,45.3625
105.5531217,99.59458579,45.325
105.6255175,99.5946985,45.2875
105.6979134,99.59481109,45.25
105.7703092,99.59492358,45.2125
105.842705,99.59503596,45.175
105.9151009,99.59514822,45.1375
105.9874967,99.59526038,45.1
106.0598925,99.59537242,45.0625
106.1322884,99.59548436,45.025
106.2046842,99.59559618,44.9875
106.27708,99.5957079,44.95
106.3494759,99.59581951,44.9125
106.4218717,99.59593101,44.875
106.4942675,99.5960424,44.8375
106.5666633,99.59615368,44.8
106.6390592,99.59626485,44.7625
106.711455,99.59637592,44.725
106.7838508,99.59648688,44.6875
106.8562467,99.59659773,44.65
106.9286425,99.59670847,44.6125
107.0010383,99.5968191,44.575
107.0734342,99.59692963,44.5375
107.14583,99.59704005,44.5
107.2182258,99.59715036,44.4625
107.2906217,99.59726057,44.425
107.3630175,99.59737067,44.3875
107.4354133,99.59748066,44.35
107.5078091,99.59759055,44.3125
107.580205,99.59770033,44.275
107.6526008,99.59781,44.2375
107.7249966,99.59791957,44.2
107.7973925,99.59802903,44.1625
107.8697883,99.59813839,44.125
107.9421841,99.59824764,44.0875
108.01458,99.59835679,44.05
108.0869758,99.59846584,44.0125
108.1593716,99.59857477,43.975
108.2317675,99.59868361,43.9375
108.3041633,99.59879234,43.9
108.3765591,99.59890096,43.8625
108.448955,99.59900948,43.825
108.5213508,99.5991179,43.7875
108.5937466,99.59922621,43.75
108.6661424,99.59933443,43.7125
108.7385383,99.59944253,43.675
108.8109341,99.59955054,43.6375
108.8833299,99.59965844,43.6
108.9557258,99.59976623,43.5625
109.0281216,99.59987393,43.525
109.1005174,99.59998152,43.4875
109.1729133,99.60008901,43.45
109.2453091,99.6001964,43.4125
109.3177049,99.60030369,43.375
109.3901008,99.60041087,43.3375
109.4624966,99.60051795,43.3
109.5348924,99.60062493,43.2625
109.6072882,99.60073181,43.225
109.6796841,99.60083859,43.1875
109.7520799,99.60094527,43.15
109.8244757,99.60105184,43.1125
109.8968716,99.60115832,43.075
109.9692674,99.60126469,43.0375
110.0416632,99.60137097,43
110.1140591,99.60147714,42.9625
110.1864549,99.60158322,42.925
110.2588507,99.60168919,42.8875
110.3312466,99.60179507,42.85
110.4036424,99.60190084,42.8125
110.4760382,99.60200652,42.775
110.5484341,99.60211209,42.7375
110.6208299,99.60221757,42.7
110.6932257,99.60232295,42.6625
110.7656215,99.60242823,42.625
110.8380174,99.60253341,42.5875
110.9104132,99.60263849,42.55
110.982809,99.60274347,42.5125
111.0552049,99.60284836,42.475
111.1276007,99.60295315,42.4375
111.1999965,99.60305784,42.4
111.2723924,99.60316243,42.3625
111.3447882,99.60326692,42.325
111.417184,99.60337132,42.2875
111.4895799,99.60347562,42.25
111.5619757,99.60357982,42.2125
111.6343715,99.60368393,42.175
111.7067674,99.60378794,42.1375
111.7791632,99.60389185,42.1
111.851559,99.60399567,42.0625
111.9239548,99.60409939,42.025
111.9963507,99.60420301,41.9875
112.0687465,99.60430654,41.95
112.1411423,99.60440997,41.9125
112.2135382,99.60451331,41.875
112.285934,99.60461655,41.8375
112.3583298,99.60471969,41.8
112.4307257,99.60482274,41.7625
112.5031215,99.60492569,41.725
112.5755173,99.60502855,41.6875
112.6479132,99.60513132,41.65
112.720309,99.60523399,41.6125
112.7927048,99.60533656,41.575
112.8651006,99.60543904,41.5375
112.9374965,99.60554143,41.5
113.0098923,99.60564372,41.4625
113.0822881,99.60574592,41.425
113.154684,99.60584803,41.3875
113.2270798,99.60595004,41.35
113.2994756,99.60605195,41.3125
113.3718715,99.60615378,41.275
113.4442673,99.60625551,41.2375
113.5166631,99.60635715,41.2
113.589059,99.60645869,41.1625
113.6614548,99.60656014,41.125
113.7338506,99.6066615,41.0875
113.8062465,99.60676277,41.05
113.8786423,99.60686395,41.0125
113.9510381,99.60696503,40.975
114.0234339,99.60706602,40.9375
114.0958298,99.60716692,40.9
114.1682256,99.60726772,40.8625
114.2406214,99.60736844,40.825
114.3130173,99.60746906,40.7875
114.3854131,99.6075696,40.75
114.4578089,99.60767004,40.7125
114.5302048,99.60777039,40.675
114.6026006,99.60787065,40.6375
114.6749964,99.60797081,40.6
114.7473923,99.60807089,40.5625
114.8197881,99.60817088,40.525
114.8921839,99.60827077,40.4875
114.9645797,99.60837058,40.45
115.0369756,99.6084703,40.4125
115.1093714,99.60856992,40.375
115.1817672,99.60866946,40.3375
115.2541631,99.60876891,40.3
115.3265589,99.60886826,40.2625
115.3989547,99.60896753,40.225
115.4713506,99.60906671,40.1875
115.5437464,99.6091658,40.15
115.6161422,99.6092648,40.1125
115.6885381,99.60936371,40.075
115.7609339,99.60946253,40.0375
115.8333297,99.60956127,40
