inlet_temperature_c,inlet_pressure_bar_abs,outlet_co_conversion_pct,outlet_methane_yield_pct,peak_temperature_c,outlet_pressure_bar_abs,status,terminal_event,solver_function_evaluations,message
300.0,1.0,30.44260750443271,27.82458300475077,366.8186262109566,0.7261642797844718,completed,,144,The solver successfully reached the end of the integration interval.
303.75,1.0,32.44732883148648,29.453286617604302,373.5363261644653,0.7232594382384225,completed,,160,The solver successfully reached the end of the integration interval.
307.5,1.0,34.52859423671317,31.122192514137332,380.34772547512466,0.7203017677356776,completed,,167,The solver successfully reached the end of the integration interval.
311.25,1.0,36.68170225862591,32.82716902621215,387.24337198038813,0.7172917000265,completed,,161,The solver successfully reached the end of the integration interval.
315.0,1.0,38.90048210889269,34.56371446554966,394.2125631875854,0.7142300075961581,completed,,149,The solver successfully reached the end of the integration interval.
318.75,1.0,41.17719357356,36.327009338922686,401.2433993583271,0.7111178215341503,completed,,162,The solver successfully reached the end of the integration interval.
322.5,1.0,43.50246558242492,38.111960459679295,408.32283884020956,0.7079566524344199,completed,,169,The solver successfully reached the end of the integration interval.
326.25,1.0,45.865284579949446,39.913222138315646,415.4367335435138,0.7047484057710379,completed,,173,The solver successfully reached the end of the integration interval.
330.0,1.0,48.25304023476463,41.72517455436387,422.5698121201184,0.7014954004310351,completed,,180,The solver successfully reached the end of the integration interval.
333.75,1.0,50.65133674312848,43.542612451634064,429.7064372048062,0.6981992265459315,completed,,180,The solver successfully reached the end of the integration interval.
337.5,1.0,53.045353754598146,45.357434570570994,436.826826450289,0.6948653849886958,completed,,174,The solver successfully reached the end of the integration interval.
341.25,1.0,55.418196328478764,47.16301978674599,443.9118712614395,0.6914965392822864,completed,,167,The solver successfully reached the end of the integration interval.
345.0,1.0,57.75234168875436,48.95061155503536,450.93880653886185,0.6880970799859111,completed,,187,The solver successfully reached the end of the integration interval.
348.75,1.0,60.02947622900376,50.7094094989993,457.8809365298814,0.6846721646514332,completed,,194,The solver successfully reached the end of the integration interval.
350.0,1.0,60.772582891295244,51.287005637518035,460.17076277102353,0.6835259003424914,completed,,194,The solver successfully reached the end of the integration interval.
352.5,1.0,62.23056236943789,52.425664596807586,464.7060570490071,0.6812279416193635,completed,,217,The solver successfully reached the end of the integration interval.
356.25,1.0,64.3357889169408,54.08160090535845,471.3745334364238,0.6777718351000525,completed,,230,The solver successfully reached the end of the integration interval.
360.0,1.0,66.32443281719421,55.65433353551279,477.83736531679733,0.6743129489174762,completed,,240,The solver successfully reached the end of the integration interval.
363.75,1.0,68.17476559841303,57.11517391967318,484.0350157543353,0.6708625150112566,completed,,247,The solver successfully reached the end of the integration interval.
367.5,1.0,69.86428886744326,58.43002647892175,489.89852274783095,0.6674342958638085,completed,,261,The solver successfully reached the end of the integration interval.
371.25,1.0,71.37068402941622,59.561798007207045,495.45550457518925,0.6640447591654212,completed,,261,The solver successfully reached the end of the integration interval.
375.0,1.0,72.6737829282258,60.47553456829859,500.75395080897283,0.6607126919528702,completed,,268,The solver successfully reached the end of the integration interval.
300.0,1.7,80.88954595512817,66.6846222254191,453.71287623461274,1.5442770507204049,completed,,238,The solver successfully reached the end of the integration interval.
303.75,1.7,83.17365040100304,68.76681355319359,461.02940614992235,1.5424574704175094,completed,,251,The solver successfully reached the end of the integration interval.
307.5,1.7,85.10249679948669,70.65688188974877,467.8392477255685,1.5406621327331054,completed,,268,The solver successfully reached the end of the integration interval.
311.25,1.7,86.70000037933391,72.34236864681817,474.1348439732923,1.538897193805626,completed,,294,The solver successfully reached the end of the integration interval.
315.0,1.7,87.993590941894,73.80848338809014,479.9059169995429,1.5371685688319554,completed,,305,The solver successfully reached the end of the integration interval.
318.75,1.7,89.01069841396378,75.0392268262648,485.14009028451585,1.5354820862977372,completed,,300,The solver successfully reached the end of the integration interval.
322.5,1.7,89.7773121639811,76.02041455875889,489.8279638314433,1.5338435523395624,completed,,307,The solver successfully reached the end of the integration interval.
326.25,1.7,90.31840745275719,76.744345250998,493.9951961065533,1.5322586270825833,completed,,333,The solver successfully reached the end of the integration interval.
330.0,1.7,90.65935639767586,77.21476653134299,497.9483571961081,1.530732461804202,completed,,334,The solver successfully reached the end of the integration interval.
333.75,1.7,90.8271620326514,77.45002383066692,501.77720572392786,1.5292687321826128,completed,,359,The solver successfully reached the end of the integration interval.
337.5,1.7,90.85004122177888,77.48180164651667,505.48300462000293,1.527871121546874,completed,,359,The solver successfully reached the end of the integration interval.
341.25,1.7,90.75679535084052,77.35126689389952,509.0694896602696,1.5265383814836535,completed,,367,The solver successfully reached the end of the integration interval.
345.0,1.7,90.57378193131971,77.1007391668895,512.5420196320523,1.525270126536485,completed,,380,The solver successfully reached the end of the integration interval.
348.75,1.7,90.32376676543515,76.76798819950201,515.9074950389451,1.5240630022386772,completed,,398,The solver successfully reached the end of the integration interval.
350.0,1.7,90.228817780394,76.64413196597442,517.0069549734478,1.5236732152702224,completed,,398,The solver successfully reached the end of the integration interval.
352.5,1.7,90.02484272531268,76.38219147512184,519.1735705960627,1.5229116418097832,completed,,403,The solver successfully reached the end of the integration interval.
356.25,1.7,89.69018873614749,75.96300183227424,522.3475353155203,1.521811439662516,completed,,413,The solver successfully reached the end of the integration interval.
360.0,1.7,89.3288936543157,75.52234166009998,525.4370884606232,1.5207573389679654,completed,,420,The solver successfully reached the end of the integration interval.
363.75,1.7,88.94683797060165,75.06678120942738,528.4494907565931,1.5197445785915593,completed,,420,The solver successfully reached the end of the integration interval.
367.5,1.7,88.54784911741912,74.59998932652503,531.3917963807517,1.5187666045315764,completed,,415,The solver successfully reached the end of the integration interval.
371.25,1.7,88.13346008363897,74.12308976097756,534.2694925926186,1.5178258740669688,completed,,444,The solver successfully reached the end of the integration interval.
375.0,1.7,87.70546956485309,73.63775801034464,537.0893006895901,1.5169131338553337,completed,,457,The solver successfully reached the end of the integration interval.
300.0,2.4,95.08772767355958,83.37399532401426,484.8184167456152,2.286950373782347,completed,,420,The solver successfully reached the end of the integration interval.
303.75,2.4,95.1748743875921,83.79819724697738,488.64989057743446,2.285884359161628,completed,,427,The solver successfully reached the end of the integration interval.
307.5,2.4,95.17726735533373,84.02939111960613,492.40704013989466,2.2848652103717466,completed,,440,The solver successfully reached the end of the integration interval.
311.25,2.4,95.11012609163566,84.08964258445032,496.08385814865744,2.2838929887701473,completed,,415,The solver successfully reached the end of the integration interval.
315.0,2.4,94.98760321505198,84.00807341134289,499.6768664358874,2.282966966430195,completed,,464,The solver successfully reached the end of the integration interval.
318.75,2.4,94.82236314822505,83.81712152815908,503.1850024377926,2.282085515705752,completed,,458,The solver successfully reached the end of the integration interval.
322.5,2.4,94.62494790078053,83.54788393788002,506.6092367225747,2.2812461718817403,completed,,452,The solver successfully reached the end of the integration interval.
326.25,2.4,94.40339511166744,83.22625931468049,509.95161864042245,2.280445850215623,completed,,452,The solver successfully reached the end of the integration interval.
330.0,2.4,94.16327066583416,82.871068769148,513.215497437952,2.2796811440732307,completed,,446,The solver successfully reached the end of the integration interval.
333.75,2.4,93.90806784836582,82.49431090299053,516.4048734995055,2.278948405764333,completed,,443,The solver successfully reached the end of the integration interval.
337.5,2.4,93.63966141948609,82.10260001321981,519.5239458317433,2.2782449899736723,completed,,456,The solver successfully reached the end of the integration interval.
341.25,2.4,93.35909229869313,81.6994331364897,522.577453192836,2.2775670895445432,completed,,459,The solver successfully reached the end of the integration interval.
345.0,2.4,93.06671961797461,81.28634085050047,525.5698075093471,2.2769126880141712,completed,,455,The solver successfully reached the end of the integration interval.
348.75,2.4,92.76273791864095,80.8641945275762,528.5052942528938,2.2762792397443286,completed,,488,The solver successfully reached the end of the integration interval.
350.0,2.4,92.65882164924659,80.72153247920575,529.4717928237435,2.2760726052314726,completed,,481,The solver successfully reached the end of the integration interval.
352.5,2.4,92.44722399376563,80.43353488912717,531.3880138040649,2.2756646885173666,completed,,487,The solver successfully reached the end of the integration interval.
356.25,2.4,92.12022612572613,79.99479400619661,534.2217797286966,2.275067219949985,completed,,481,The solver successfully reached the end of the integration interval.
360.0,2.4,91.78178910695128,79.54835884453266,537.0107560089243,2.2744852272682534,completed,,494,The solver successfully reached the end of the integration interval.
363.75,2.4,91.43196267166299,79.09458932279888,539.7575810127071,2.2739172838029265,completed,,500,The solver successfully reached the end of the integration interval.
367.5,2.4,91.07080422827188,78.63382261295956,542.4660303397333,2.273362118136786,completed,,487,The solver successfully reached the end of the integration interval.
371.25,2.4,90.6983792010533,78.16637642896326,545.1390875329454,2.2728185941185357,completed,,496,The solver successfully reached the end of the integration interval.
375.0,2.4,90.31476198885187,77.69254893861198,547.7785633050307,2.272285694265272,completed,,490,The solver successfully reached the end of the integration interval.
300.0,3.0999999999999996,96.77522615431627,87.83779212932588,494.29170724359074,3.0112435925589227,completed,,529,The solver successfully reached the end of the integration interval.
303.75,3.0999999999999996,96.64637217216706,87.65898955728171,497.82665961527266,3.010571608588873,completed,,532,The solver successfully reached the end of the integration interval.
307.5,3.0999999999999996,96.49633998051443,87.41379724910433,501.29133546855724,3.0099318129176553,completed,,532,The solver successfully reached the end of the integration interval.
311.25,3.0999999999999996,96.32949814504941,87.12376528920187,504.6856974827963,3.009321638365567,completed,,539,The solver successfully reached the end of the integration interval.
315.0,3.0999999999999996,96.14896135262552,86.80458403162483,508.0112014444027,3.008738377196306,completed,,542,The solver successfully reached the end of the integration interval.
318.75,3.0999999999999996,95.95667481396329,86.4661897520431,511.2699332333799,3.008179360554588,completed,,539,The solver successfully reached the end of the integration interval.
322.5,3.0999999999999996,95.75367464924821,86.11408491736793,514.4644643638354,3.0076420902660685,completed,,542,The solver successfully reached the end of the integration interval.
326.25,3.0999999999999996,95.54040880017935,85.75099645090528,517.5984766426782,3.007124307442189,completed,,522,The solver successfully reached the end of the integration interval.
330.0,3.0999999999999996,95.31701098832258,85.37822124075473,520.6749707730008,3.0066240084331595,completed,,539,The solver successfully reached the end of the integration interval.
333.75,3.0999999999999996,95.08349493427042,84.99647092096052,523.697087744275,3.006139286193697,completed,,503,The solver successfully reached the end of the integration interval.
337.5,3.0999999999999996,94.83978232935493,84.6061584015697,526.669273267932,3.0056688739040656,completed,,496,The solver successfully reached the end of the integration interval.
341.25,3.0999999999999996,94.58583261088773,84.2076949555317,529.5934575352259,3.0052112639848203,completed,,499,The solver successfully reached the end of the integration interval.
345.0,3.0999999999999996,94.32159386565138,83.80143431181449,532.4734223747897,3.0047652478984075,completed,,505,The solver successfully reached the end of the integration interval.
348.75,3.0999999999999996,94.04702131553611,83.38770782775849,535.3124527970716,3.004329753673387,completed,,524,The solver successfully reached the end of the integration interval.
350.0,3.0999999999999996,93.95319426353743,83.2481945350315,536.2500002804663,3.0041867594040537,completed,,511,The solver successfully reached the end of the integration interval.
352.5,3.0999999999999996,93.76207884465262,82.96682777601211,538.1120077431373,3.0039038284367403,completed,,498,The solver successfully reached the end of the integration interval.
356.25,3.0999999999999996,93.46673890980956,82.53908734505072,540.8758090932969,3.0034866222031593,completed,,504,The solver successfully reached the end of the integration interval.
360.0,3.0999999999999996,93.16098345240576,82.10476299564301,543.6069060622704,3.003077375671004,completed,,510,The solver successfully reached the end of the integration interval.
363.75,3.0999999999999996,92.84480337630744,81.66411481694387,546.3056254579583,3.002675408924543,completed,,517,The solver successfully reached the end of the integration interval.
367.5,3.0999999999999996,92.5181998519766,81.21738604672053,548.9744378131611,3.002280111378529,completed,,506,The solver successfully reached the end of the integration interval.
371.25,3.0999999999999996,92.18118309893359,80.76480690382381,551.6164881356057,3.001890934142795,completed,,515,The solver successfully reached the end of the integration interval.
375.0,3.0999999999999996,91.83375184113214,80.3065667462871,554.2319064894182,3.0015075479134463,completed,,522,The solver successfully reached the end of the integration interval.
300.0,3.8,97.42847294300675,89.79729018138165,500.0227647708622,3.727019794304179,completed,,555,The solver successfully reached the end of the integration interval.
303.75,3.8,97.2892877068662,89.51045131133178,503.4095127511624,3.7265417370028,completed,,568,The solver successfully reached the end of the integration interval.
307.5,3.8,97.14008746868693,89.20485765341539,506.7357488382297,3.7260838240498924,completed,,574,The solver successfully reached the end of the integration interval.
311.25,3.8,96.98168878597157,88.88577426012995,510.00259938571844,3.7256439384320172,completed,,564,The solver successfully reached the end of the integration interval.
315.0,3.8,96.81441274738746,88.55581940618855,513.2123516303822,3.7252201706399815,completed,,570,The solver successfully reached the end of the integration interval.
318.75,3.8,96.63831125218813,88.21622979795919,516.3674977029218,3.7248108299185847,completed,,567,The solver successfully reached the end of the integration interval.
322.5,3.8,96.45331955119185,87.86765016350635,519.4708095781649,3.724414430889047,completed,,573,The solver successfully reached the end of the integration interval.
326.25,3.8,96.25933456316457,87.51051206640895,522.5255067534024,3.7240296700261637,completed,,559,The solver successfully reached the end of the integration interval.
330.0,3.8,96.05624639234406,87.1451761326868,525.5334930256956,3.723655401260874,completed,,552,The solver successfully reached the end of the integration interval.
333.75,3.8,95.84394880705418,86.77197379250525,528.4983064709422,3.723290614265831,completed,,561,The solver successfully reached the end of the integration interval.
337.5,3.8,95.62234179762376,86.39121693890243,531.421924795867,3.7229344157147612,completed,,555,The solver successfully reached the end of the integration interval.
341.25,3.8,95.39133238771595,86.00319966154983,534.3065495990601,3.722586013849092,completed,,550,The solver successfully reached the end of the integration interval.
345.0,3.8,95.1508365213715,85.60819970131,537.1552852820955,3.7222447051927174,completed,,547,The solver successfully reached the end of the integration interval.
348.75,3.8,94.9007767781778,85.20647790172237,539.9707932039936,3.7219098632548575,completed,,537,The solver successfully reached the end of the integration interval.
350.0,3.8,94.81528647474174,85.07111999770216,540.90094604954,3.721799587928278,completed,,537,The solver successfully reached the end of the integration interval.
352.5,3.8,94.64108574890624,84.79828025536685,542.7533942368267,3.7215809289602393,completed,,533,The solver successfully reached the end of the integration interval.
356.25,3.8,94.37170409636414,84.38383772748732,545.5062183930346,3.7212574023573937,completed,,527,The solver successfully reached the end of the integration interval.
360.0,3.8,94.09258155437203,83.9633670387923,548.2301839593155,3.7209388353589072,completed,,517,The solver successfully reached the end of the integration interval.
363.75,3.8,93.80367740554581,83.53707239223966,550.9279777508538,3.720624825700563,completed,,552,The solver successfully reached the end of the integration interval.
367.5,3.8,93.50496037203119,83.10514548430706,553.5987482763672,3.7203150113334873,completed,,539,The solver successfully reached the end of the integration interval.
371.25,3.8,93.1964082407194,82.66776743351771,556.2466333247365,3.7200090659335965,completed,,538,The solver successfully reached the end of the integration interval.
375.0,3.8,92.87800871785007,82.22510857366754,558.8719379451626,3.7197066946290946,completed,,548,The solver successfully reached the end of the integration interval.
300.0,4.5,97.84307251041369,91.10801173039484,504.0060012703992,4.438055851174281,completed,,585,The solver successfully reached the end of the integration interval.
303.75,4.5,97.71355059870108,90.8132155740772,507.3134237286886,4.437685562235803,completed,,595,The solver successfully reached the end of the integration interval.
307.5,4.5,97.57629087629535,90.5081121795472,510.5682436543534,4.437328791068826,completed,,591,The solver successfully reached the end of the integration interval.
311.25,4.5,97.4312571983043,90.19365424447078,513.7718422768979,4.436984094168062,completed,,598,The solver successfully reached the end of the integration interval.
315.0,4.5,97.27833535102326,89.87036474833965,516.9265169621543,4.4366502069441776,completed,,597,The solver successfully reached the end of the integration interval.
318.75,4.5,97.11738791760158,89.53861962271803,520.0350230325414,4.436326021754494,completed,,587,The solver successfully reached the end of the integration interval.
322.5,4.5,96.94827509689384,89.19874681965081,523.0990442101637,4.436010566552174,completed,,573,The solver successfully reached the end of the integration interval.
326.25,4.5,96.77086025168495,88.85105243209479,526.1220162782319,4.435702986126234,completed,,573,The solver successfully reached the end of the integration interval.
330.0,4.5,96.58501283911343,88.49582651659377,529.1046657568553,4.435402526114434,completed,,579,The solver successfully reached the end of the integration interval.
333.75,4.5,96.39060805221698,88.13334378230834,532.050429091018,4.4351085195722195,completed,,569,The solver successfully reached the end of the integration interval.
337.5,4.5,96.1875277463898,87.76386374434078,534.9599106843452,4.434820375563456,completed,,555,The solver successfully reached the end of the integration interval.
341.25,4.5,95.97566112231272,87.38763132238665,537.836894654688,4.434537569325952,completed,,558,The solver successfully reached the end of the integration interval.
345.0,4.5,95.75490426098098,87.00487711706924,540.6826862384587,4.434259633926487,completed,,557,The solver successfully reached the end of the integration interval.
348.75,4.5,95.52516209884793,86.6158185766905,543.4971354983142,4.433986153023435,completed,,550,The solver successfully reached the end of the integration interval.
350.0,4.5,95.4465690579853,86.48476698297341,544.4305217741771,4.433895917164007,completed,,540,The solver successfully reached the end of the integration interval.
352.5,4.5,95.2863462708792,86.22065945657779,546.2848193834333,4.433716754682876,completed,,544,The solver successfully reached the end of the integration interval.
356.25,4.5,95.0383773414998,85.81959171076949,549.0461581874588,4.433451105890459,completed,,530,The solver successfully reached the end of the integration interval.
360.0,4.5,94.78118453754843,85.41279575278666,551.7809117325518,4.433188907989605,completed,,565,The solver successfully reached the end of the integration interval.
363.75,4.5,94.51470591947063,85.00044174776376,554.4917849733025,4.432929892488423,completed,,555,The solver successfully reached the end of the integration interval.
367.5,4.5,94.23888828105852,84.58268964035447,557.1795669594538,4.432673817563866,completed,,555,The solver successfully reached the end of the integration interval.
371.25,4.5,93.9536876677188,84.15969050058763,559.8444664168,4.4324204649349594,completed,,558,The solver successfully reached the end of the integration interval.
375.0,4.5,93.65906943739233,83.73158747752925,562.489059806124,4.432169637233023,completed,,564,The solver successfully reached the end of the integration interval.
300.0,5.0,98.06681149687051,91.85277002685179,506.2202626686977,4.944097629889111,completed,,625,The solver successfully reached the end of the integration interval.
303.75,5.0,97.94490552611236,91.56194358696614,509.4939972894638,4.943778327728334,completed,,628,The solver successfully reached the end of the integration interval.
307.5,5.0,97.8158307883338,91.26200065830191,512.7192068058789,4.943469702309519,completed,,618,The solver successfully reached the end of the integration interval.
311.25,5.0,97.67944748410305,90.9533718774451,515.8984809478899,4.943170624546066,completed,,611,The solver successfully reached the end of the integration interval.
315.0,5.0,97.53560304546382,90.63639380166634,519.0326897081906,4.94288010661213,completed,,594,The solver successfully reached the end of the integration interval.
318.75,5.0,97.38414457891433,90.31137117712592,522.1250113006109,4.942597282443813,completed,,597,The solver successfully reached the end of the integration interval.
322.5,5.0,97.22492340256957,89.97859215821936,525.176623820537,4.942321390916962,completed,,593,The solver successfully reached the end of the integration interval.
326.25,5.0,97.05779543764615,89.63833105047003,528.1903602004147,4.942051761611087,completed,,577,The solver successfully reached the end of the integration interval.
330.0,5.0,96.88262181295904,89.29084818359087,531.1675061982623,4.941787802630409,completed,,563,The solver successfully reached the end of the integration interval.
333.75,5.0,96.69927013166027,88.93639034442393,534.1107193163217,4.941528990406452,completed,,579,The solver successfully reached the end of the integration interval.
337.5,5.0,96.5076127584596,88.5751903991112,537.0211906131003,4.941274860725712,completed,,571,The solver successfully reached the end of the integration interval.
341.25,5.0,96.30753211871075,88.20746919977448,539.8996967797588,4.941025001289963,completed,,561,The solver successfully reached the end of the integration interval.
345.0,5.0,96.0989127069559,87.83343298866252,542.7496439435029,4.940779045110235,completed,,554,The solver successfully reached the end of the integration interval.
348.75,5.0,95.88165127185042,87.45327791339452,545.5730908340407,4.94053666488209,completed,,547,The solver successfully reached the end of the integration interval.
350.0,5.0,95.80729244294243,87.32523150048557,546.5072630350063,4.940456614678426,completed,,544,The solver successfully reached the end of the integration interval.
352.5,5.0,95.65564831158918,87.067186875605,548.3683615444945,4.940297568176088,completed,,550,The solver successfully reached the end of the integration interval.
356.25,5.0,95.42081423755704,86.67533282982083,551.1395476667042,4.9400614930638,completed,,563,The solver successfully reached the end of the integration interval.
360.0,5.0,95.17706768493994,86.27787881714798,553.8850166792834,4.939828204604226,completed,,566,The solver successfully reached the end of the integration interval.
363.75,5.0,94.92433478836026,85.8749778877308,556.6106851157832,4.939597491530624,completed,,552,The solver successfully reached the end of the integration interval.
367.5,5.0,94.6625511363902,85.4667751111571,559.3101643324676,4.939369163500727,completed,,555,The solver successfully reached the end of the integration interval.
371.25,5.0,94.3916606126746,85.05340730848219,561.9925527850443,4.939143048651174,completed,,567,The solver successfully reached the end of the integration interval.
375.0,5.0,94.1116164550511,84.63500431808735,564.6533952230758,4.938918991441235,completed,,554,The solver successfully reached the end of the integration interval.
300.0,5.199999999999999,98.1445546512116,92.118571689775,506.9996796115803,5.146196862189782,completed,,619,The solver successfully reached the end of the integration interval.
303.75,5.199999999999999,98.02554629368437,91.82988092940532,510.263754408085,5.1458941318831375,completed,,615,The solver successfully reached the end of the integration interval.
307.5,5.199999999999999,97.89953583972127,91.53230846278774,513.4809012993948,5.145601208785332,completed,,621,The solver successfully reached the end of the integration interval.
311.25,5.199999999999999,97.76637081941321,91.22621818877342,516.6530388359046,5.145317059524869,completed,,624,The solver successfully reached the end of the integration interval.
315.0,5.199999999999999,97.6258937234212,90.91192136381011,519.7822106357985,5.1450407797821684,completed,,604,The solver successfully reached the end of the integration interval.
318.75,5.199999999999999,97.47794920458989,90.58970884896401,522.8697808845294,5.144771576426817,completed,,597,The solver successfully reached the end of the integration interval.
322.5,5.199999999999999,97.32238633738626,90.25985750760313,525.9191969071293,5.144508752192733,completed,,600,The solver successfully reached the end of the integration interval.
326.25,5.199999999999999,97.15905839961648,89.92263116843961,528.9308212971623,5.144251692770567,completed,,593,The solver successfully reached the end of the integration interval.
330.0,5.199999999999999,96.98782470810188,89.578280381208,531.9081984030688,5.143999855719892,completed,,573,The solver successfully reached the end of the integration interval.
333.75,5.199999999999999,96.80854962921113,89.2270425262882,534.8516023330618,5.143752761178224,completed,,579,The solver successfully reached the end of the integration interval.
337.5,5.199999999999999,96.62110393911479,88.86914210669698,537.7633193479945,5.1435099836708575,completed,,578,The solver successfully reached the end of the integration interval.
341.25,5.199999999999999,96.4253650247931,88.50479098419378,540.6452928391154,5.1432711452876285,completed,,584,The solver successfully reached the end of the integration interval.
345.0,5.199999999999999,96.22121680319546,88.13418866865678,543.4984944829746,5.143035909655089,completed,,554,The solver successfully reached the end of the integration interval.
348.75,5.199999999999999,96.00855063010133,87.75752322249014,546.3231830873704,5.142803976749916,completed,,557,The solver successfully reached the end of the integration interval.
350.0,5.199999999999999,95.93575121793893,87.63065159374295,547.2593334877756,5.142727352559744,completed,,544,The solver successfully reached the end of the integration interval.
352.5,5.199999999999999,95.78726492116652,87.37497156170022,549.1239362043926,5.1425750785311655,completed,,553,The solver successfully reached the end of the integration interval.
356.25,5.199999999999999,95.55726649783134,86.98670051418824,551.8989885149679,5.142348974934913,completed,,573,The solver successfully reached the end of the integration interval.
360.0,5.199999999999999,95.31846963553001,86.59286693318457,554.6513202718052,5.142125450555679,completed,,552,The solver successfully reached the end of the integration interval.
363.75,5.199999999999999,95.0707971214461,86.19361893960445,557.3812105944758,5.141904311759024,completed,,562,The solver successfully reached the end of the integration interval.
367.5,5.199999999999999,94.81418022527961,85.7890964575441,560.0897112927502,5.1416853840324,completed,,571,The solver successfully reached the end of the integration interval.
371.25,5.199999999999999,94.54855879670795,85.37943191339956,562.7769612340733,5.141468509767624,completed,,558,The solver successfully reached the end of the integration interval.
375.0,5.199999999999999,94.27388172533374,84.96475094449572,565.444727575221,5.141253546412856,completed,,561,The solver successfully reached the end of the integration interval.
300.0,5.8999999999999995,98.3768131485977,92.93571644775932,509.36478339946166,5.852446413934086,completed,,639,The solver successfully reached the end of the integration interval.
303.75,5.8999999999999995,98.26713950266046,92.65545208105831,512.6055613334196,5.852189909794747,completed,,642,The solver successfully reached the end of the integration interval.
307.5,5.8999999999999995,98.1509428318938,92.36681184572275,515.8037926691985,5.851940941100543,completed,,625,The solver successfully reached the end of the integration interval.
311.25,5.8999999999999995,98.02805675782164,92.0700752299617,518.9616998190563,5.8516987210905285,completed,,621,The solver successfully reached the end of the integration interval.
315.0,5.8999999999999995,97.89831705195854,91.76550898395232,522.0805376321367,5.851462560805232,completed,,621,The solver successfully reached the end of the integration interval.
318.75,5.8999999999999995,97.76156296303353,91.45336935412061,525.161716503969,5.851231855563735,completed,,607,The solver successfully reached the end of the integration interval.
322.5,5.8999999999999995,97.61763824107739,91.13390149652591,528.2082697371108,5.851006073627925,completed,,603,The solver successfully reached the end of the integration interval.
326.25,5.8999999999999995,97.46639041593407,90.80733971672166,531.2198954893265,5.850784746416909,completed,,599,The solver successfully reached the end of the integration interval.
330.0,5.8999999999999995,97.30767277613629,90.47390668578281,534.200785110732,5.8505674602142985,completed,,602,The solver successfully reached the end of the integration interval.
333.75,5.8999999999999995,97.14134228873418,90.13381374658644,537.1505769879932,5.8503538490574725,completed,,589,The solver successfully reached the end of the integration interval.
337.5,5.8999999999999995,96.96726170682895,89.78726077969074,540.0711053538618,5.8501435885303925,completed,,581,The solver successfully reached the end of the integration interval.
341.25,5.8999999999999995,96.78530137038572,89.43443706858791,542.9636274267825,5.849936390511532,completed,,574,The solver successfully reached the end of the integration interval.
345.0,5.8999999999999995,96.59533642522369,89.07552116751889,545.8298489800185,5.849731998635625,completed,,571,The solver successfully reached the end of the integration interval.
348.75,5.8999999999999995,96.39724821212491,88.71068117119623,548.6708549553713,5.8495301842622025,completed,,554,The solver successfully reached the end of the integration interval.
350.0,5.8999999999999995,96.32939494396454,88.58777942004929,549.6120434206728,5.84946344965959,completed,,564,The solver successfully reached the end of the integration interval.
352.5,5.8999999999999995,96.19092699586722,88.3400764746496,551.4864106356472,5.849330743177083,completed,,557,The solver successfully reached the end of the integration interval.
356.25,5.8999999999999995,95.9762676641778,87.96385654822825,554.2818852298012,5.84913349250247,completed,,580,The solver successfully reached the end of the integration interval.
360.0,5.8999999999999995,95.75317430915217,87.58216300381582,557.0521123777207,5.8489382681485855,completed,,575,The solver successfully reached the end of the integration interval.
363.75,5.8999999999999995,95.52155843556103,87.19512969551818,559.8009015242574,5.848744922622989,completed,,547,The solver successfully reached the end of the integration interval.
367.5,5.8999999999999995,95.28133934381263,86.80288342588673,562.5307286012821,5.848553322976723,completed,,556,The solver successfully reached the end of the integration interval.
371.25,5.8999999999999995,95.03244480173943,86.40554442559853,565.2418753321405,5.848363349130354,completed,,555,The solver successfully reached the end of the integration interval.
375.0,5.8999999999999995,94.77481076845386,86.00322700522914,567.9316740388587,5.84817489244116,completed,,555,The solver successfully reached the end of the integration interval.
300.0,6.6,98.5621997579001,93.61431060830434,511.29910903334167,6.557394122163734,completed,,662,The solver successfully reached the end of the integration interval.
303.75,6.6,98.46070013070948,93.3431290565715,514.5283690958197,6.557171250003632,completed,,662,The solver successfully reached the end of the integration interval.
307.5,6.6,98.35306766543071,93.0638768567348,517.7186234324936,6.55695441261711,completed,,635,The solver successfully reached the end of the integration interval.
311.25,6.6,98.23913317558693,92.77680153357335,520.8718501138153,6.556742983088203,completed,,645,The solver successfully reached the end of the integration interval.
315.0,6.6,98.11873005451245,92.48214278152132,523.9889834793607,6.556536412429761,completed,,634,The solver successfully reached the end of the integration interval.
318.75,6.6,97.99169527049074,92.18013171054866,527.0726469635877,6.556334218946732,completed,,620,The solver successfully reached the end of the integration interval.
322.5,6.6,97.85786867119923,91.87099030641154,530.1226983269097,6.556135979152975,completed,,620,The solver successfully reached the end of the integration interval.
326.25,6.6,97.71709550852401,91.5549310552518,533.1418907548364,6.55594132006051,completed,,610,The solver successfully reached the end of the integration interval.
330.0,6.6,97.56922275208485,91.232156349456,536.1307703630329,6.555749912467122,completed,,612,The solver successfully reached the end of the integration interval.
333.75,6.6,97.41410437030964,90.90285907889104,539.0912260864114,6.555561465323564,completed,,599,The solver successfully reached the end of the integration interval.
337.5,6.6,97.25159812537865,90.56722186945257,542.0224837738584,6.555375720719006,completed,,598,The solver successfully reached the end of the integration interval.
341.25,6.6,97.08156757610838,90.22541800277544,544.930258932638,6.555192449728843,completed,,581,The solver successfully reached the end of the integration interval.
345.0,6.6,96.90388268311855,89.87761158090555,547.8113436752835,6.555011448736577,completed,,574,The solver successfully reached the end of the integration interval.
348.75,6.6,96.71841818335778,89.52395745567271,550.6697668921536,6.5548325362178925,completed,,574,The solver successfully reached the end of the integration interval.
350.0,6.6,96.65484724861507,89.4047988319278,551.6177901232352,6.554773334307881,completed,,561,The solver successfully reached the end of the integration interval.
352.5,6.6,96.52505567440846,89.16460217512022,553.5040656405105,6.5546555501254415,completed,,551,The solver successfully reached the end of the integration interval.
356.25,6.6,96.32368392022872,88.79968450551706,556.3175439681237,6.554480345307282,completed,,590,The solver successfully reached the end of the integration interval.
360.0,6.6,96.1141981842463,88.42933552599946,559.1087373405105,6.554306791686429,completed,,567,The solver successfully reached the end of the integration interval.
363.75,6.6,95.896500885254,88.05367971159558,561.87878656712,6.554134772253513,completed,,566,The solver successfully reached the end of the integration interval.
367.5,6.6,95.67050283145583,87.67283494811771,564.6260306222139,6.553964181612601,completed,,559,The solver successfully reached the end of the integration interval.
371.25,6.6,95.43612171848088,87.2869135988453,567.361823616892,6.553794924568373,completed,,569,The solver successfully reached the end of the integration interval.
375.0,6.6,95.19328353271682,86.89602250646305,570.0703190154072,6.553626914964475,completed,,555,The solver successfully reached the end of the integration interval.
300.0,7.3,98.71400314482315,94.18876846185783,512.9206890563248,7.261408164897971,completed,,662,The solver successfully reached the end of the integration interval.
303.75,7.3,98.61969783471014,93.9268544853573,516.1460252933737,7.261210880032773,completed,,666,The solver successfully reached the end of the integration interval.
307.5,7.3,98.51959325232984,93.65707383745135,519.33594240082,7.261018580559871,completed,,656,The solver successfully reached the end of the integration interval.
311.25,7.3,98.41351944412389,93.37965142886488,522.4905753599912,7.2608307499318165,completed,,645,The solver successfully reached the end of the integration interval.
315.0,7.3,98.30130897642753,93.09480597428006,525.6120055056564,7.2606469360485315,completed,,641,The solver successfully reached the end of the integration interval.
318.75,7.3,98.1827966557644,92.80274932254488,528.7011188146523,7.260466742475242,completed,,640,The solver successfully reached the end of the integration interval.
322.5,7.3,98.05782219515088,92.50368567427186,531.7587235549041,7.2602898209491675,completed,,639,The solver successfully reached the end of the integration interval.
326.25,7.3,97.92622637776823,92.19781128693646,534.786975801663,7.260115864854178,completed,,620,The solver successfully reached the end of the integration interval.
330.0,7.3,97.7878550638364,91.88531371448676,537.7878700162609,7.259944603792292,completed,,619,The solver successfully reached the end of the integration interval.
333.75,7.3,97.64255920898347,91.56637220800826,540.7613848277139,7.259775798821051,completed,,605,The solver successfully reached the end of the integration interval.
337.5,7.3,97.49019254072385,91.24115703292823,543.7089163631834,7.2596092383775055,completed,,595,The solver successfully reached the end of the integration interval.
341.25,7.3,97.33061486852472,90.90983031092365,546.6306814727437,7.259444734737942,completed,,585,The solver successfully reached the end of the integration interval.
345.0,7.3,97.16369080418515,90.57254568689952,549.5281091358635,7.259282121014529,completed,,574,The solver successfully reached the end of the integration interval.
348.75,7.3,96.9892910267424,90.22944889470135,552.403866279591,7.259121248563905,completed,,574,The solver successfully reached the end of the integration interval.
350.0,7.3,96.92947460522512,90.11381577063824,553.355252632932,7.259067988000832,completed,,586,The solver successfully reached the end of the integration interval.
352.5,7.3,96.80729144688212,89.88067824663462,555.2575254932949,7.258961984661998,completed,,577,The solver successfully reached the end of the integration interval.
356.25,7.3,96.6175748074188,89.52636460586113,558.0890492465593,7.258804210576302,completed,,563,The solver successfully reached the end of the integration interval.
360.0,7.3,96.42002994091442,89.16663234945992,560.898786431145,7.258647819830961,completed,,564,The solver successfully reached the end of the integration interval.
363.75,7.3,96.21455275123228,88.80159946372747,563.6884944881452,7.2584927167815225,completed,,579,The solver successfully reached the end of the integration interval.
367.5,7.3,96.00104609966917,88.43137828104062,566.4626377477151,7.2583388152432535,completed,,566,The solver successfully reached the end of the integration interval.
371.25,7.3,95.77941902932426,88.05607311343407,569.2137566489874,7.258186052706519,completed,,578,The solver successfully reached the end of the integration interval.
375.0,7.3,95.54959207572924,87.67579140651223,571.946531406674,7.25803432830252,completed,,572,The solver successfully reached the end of the integration interval.
300.0,8.0,98.84075906282902,94.68233504317763,514.306596216061,7.964730027226604,completed,,692,The solver successfully reached the end of the integration interval.
303.75,8.0,98.75283100983768,94.42964612670576,517.5337161304514,7.96455287996082,completed,,666,The solver successfully reached the end of the integration interval.
307.5,8.0,98.65939494809689,94.16922844235985,520.7266656896625,7.964379951539042,completed,,681,The solver successfully reached the end of the integration interval.
311.25,8.0,98.56028093672282,93.90128826212477,523.8857985839766,7.964210805378927,completed,,664,The solver successfully reached the end of the integration interval.
315.0,8.0,98.45532096894406,93.62602751940993,527.0140483261223,7.964045059700863,completed,,644,The solver successfully reached the end of the integration interval.
318.75,8.0,98.34435091711454,93.34364250031749,530.1130189896859,7.963882379966222,completed,,637,The solver successfully reached the end of the integration interval.
322.5,8.0,98.22720683886443,93.05432396301858,533.1813713891613,7.96372247249292,completed,,633,The solver successfully reached the end of the integration interval.
326.25,8.0,98.10373062596865,92.75825530731045,536.2219591547506,7.963565078955268,completed,,613,The solver successfully reached the end of the integration interval.
330.0,8.0,97.97376583089074,92.4556130106815,539.2342173658127,7.963409971687154,completed,,619,The solver successfully reached the end of the integration interval.
333.75,8.0,97.8371606120886,92.14656605461896,542.2205366737093,7.963256949628837,completed,,624,The solver successfully reached the end of the integration interval.
337.5,8.0,97.6937669090011,91.83127581001541,545.1837699504161,7.9631058348406025,completed,,605,The solver successfully reached the end of the integration interval.
341.25,8.0,97.543441285648,91.50989612137596,548.1230793414078,7.962956469615623,completed,,585,The solver successfully reached the end of the integration interval.
345.0,8.0,97.38604596923471,91.1825736238396,551.0370783391572,7.9628087137949795,completed,,587,The solver successfully reached the end of the integration interval.
348.75,8.0,97.22144655082018,90.84944746166744,553.9281497265159,7.962662442550928,completed,,577,The solver successfully reached the end of the integration interval.
350.0,8.0,97.16495691928527,90.73713867379176,554.890024879788,7.96261399579546,completed,,577,The solver successfully reached the end of the integration interval.
352.5,8.0,97.04951582290818,90.51065013844732,556.7993434256266,7.962517544565444,completed,,577,The solver successfully reached the end of the integration interval.
356.25,8.0,96.87013121615922,90.1663075138125,559.6514340369395,7.962373920245657,completed,,601,The solver successfully reached the end of the integration interval.
360.0,8.0,96.6831752831663,89.81653647240138,562.4823657379133,7.962231493784625,completed,,579,The solver successfully reached the end of the integration interval.
363.75,8.0,96.48854164049372,89.4614565465982,565.2901234264673,7.96209015837973,completed,,582,The solver successfully reached the end of the integration interval.
367.5,8.0,96.28612576222932,89.10117337983425,568.084147194521,7.961949855036386,completed,,585,The solver successfully reached the end of the integration interval.
371.25,8.0,96.0758315284549,88.73579048788525,570.8585446081132,7.9618105185898145,completed,,591,The solver successfully reached the end of the integration interval.
375.0,8.0,95.85757006254613,88.36540678036911,573.6129611483126,7.961672090070191,completed,,600,The solver successfully reached the end of the integration interval.
300.0,8.7,98.94824881964574,95.11144376136052,515.5090511538529,8.667524586379566,completed,,695,The solver successfully reached the end of the integration interval.
303.75,8.7,98.8660132883058,94.86781313900599,518.7404755404484,8.667363713588854,completed,,686,The solver successfully reached the end of the integration interval.
307.5,8.7,98.77852771520563,94.61654648008721,521.9389228816149,8.66720648001675,completed,,666,The solver successfully reached the end of the integration interval.
311.25,8.7,98.6856228738084,94.35783448503426,525.1064437170405,8.66705250925639,completed,,683,The solver successfully reached the end of the integration interval.
315.0,8.7,98.5871314558685,94.09186481459491,528.2449495809983,8.666901472399832,completed,,666,The solver successfully reached the end of the integration interval.
318.75,8.7,98.48288819074497,93.81882149384457,531.3530156201723,8.666753081519575,completed,,644,The solver successfully reached the end of the integration interval.
322.5,8.7,98.3727302453196,93.53888363434912,534.4335729165371,8.666607084046444,completed,,646,The solver successfully reached the end of the integration interval.
326.25,8.7,98.2564975568754,93.2522249344228,537.4850115006479,8.666463257978167,completed,,610,The solver successfully reached the end of the integration interval.
330.0,8.7,98.13403371209962,92.95901288524658,540.5126452113633,8.666321407784745,completed,,619,The solver successfully reached the end of the integration interval.
333.75,8.7,98.00518534748349,92.6594088482864,543.5134544776573,8.66618136094153,completed,,622,The solver successfully reached the end of the integration interval.
337.5,8.7,97.86980248721125,92.3535673172349,546.4932629515048,8.66604296485588,completed,,608,The solver successfully reached the end of the integration interval.
341.25,8.7,97.72774004481299,92.04163642119927,549.4450570115131,8.66590608431652,completed,,629,The solver successfully reached the end of the integration interval.
345.0,8.7,97.57885672988348,91.7237572775593,552.3779665789494,8.665770599287299,completed,,588,The solver successfully reached the end of the integration interval.
348.75,8.7,97.42301656158416,91.40006466207895,555.2876263800553,8.66563640290188,completed,,600,The solver successfully reached the end of the integration interval.
350.0,8.7,97.36950090597371,91.29089766125657,556.2538282758765,8.665591940383752,completed,,587,The solver successfully reached the end of the integration interval.
352.5,8.7,97.26008682421794,91.07068441158071,558.1753062839707,8.665503411833058,completed,,600,The solver successfully reached the end of the integration interval.
356.25,8.7,97.08994592495183,90.73574694925158,561.0469394636598,8.665371505121087,completed,,593,The solver successfully reached the end of the integration interval.
360.0,8.7,96.91246850448245,90.3953584259463,563.8930980991622,8.66524065463267,completed,,611,The solver successfully reached the end of the integration interval.
363.75,8.7,96.72754448397689,90.04963771675378,566.7257339235473,8.665110755390058,completed,,589,The solver successfully reached the end of the integration interval.
367.5,8.7,96.53506476999392,89.69868842254857,569.5347297853662,8.664981757881614,completed,,573,The solver successfully reached the end of the integration interval.
371.25,8.7,96.3349282634804,89.34261193492952,572.3244417496212,8.664853606452406,completed,,598,The solver successfully reached the end of the integration interval.
375.0,8.7,96.12704045308723,88.98150521470627,575.098626921312,8.664726250758456,completed,,591,The solver successfully reached the end of the integration interval.
300.0,9.399999999999999,99.04055180477242,95.48812745484526,516.5648024148487,9.369908224928283,completed,,687,The solver successfully reached the end of the integration interval.
303.75,9.399999999999999,98.96342957785514,95.25331945157049,519.8025071237453,9.369760787674196,completed,,689,The solver successfully reached the end of the integration interval.
307.5,9.399999999999999,98.88128879748534,95.01093805177139,523.0097804949664,9.369616538890185,completed,,694,The solver successfully reached the end of the integration interval.
311.25,9.399999999999999,98.79396177305172,94.76115922502703,526.1859271611243,9.369475148800406,completed,,671,The solver successfully reached the end of the integration interval.
315.0,9.399999999999999,98.701281066591,94.5041591500856,529.3346912045706,9.369336329498482,completed,,674,The solver successfully reached the end of the integration interval.
318.75,9.399999999999999,98.60308178879038,94.24011092118977,532.4540657931785,9.369199829152418,completed,,657,The solver successfully reached the end of the integration interval.
322.5,9.399999999999999,98.49920132723994,93.96918409370633,535.5472377947373,9.369065427054156,completed,,650,The solver successfully reached the end of the integration interval.
326.25,9.399999999999999,98.38947983123349,93.69154405393184,538.6127927859374,9.368932929315456,completed,,627,The solver successfully reached the end of the integration interval.
330.0,9.399999999999999,98.27375971272383,93.40735133319575,541.6542975061357,9.368802165331207,completed,,638,The solver successfully reached the end of the integration interval.
333.75,9.399999999999999,98.15188677501396,93.11676098861955,544.6717578360962,9.36867298464118,completed,,616,The solver successfully reached the end of the integration interval.
337.5,9.399999999999999,98.02371035186013,92.8199223047003,547.6634242001936,9.368545254261106,completed,,599,The solver successfully reached the end of the integration interval.
341.25,9.399999999999999,97.88908379562739,92.51697874480679,550.6327159333407,9.368418856433752,completed,,614,The solver successfully reached the end of the integration interval.
345.0,9.399999999999999,97.7478640535778,92.20806776300223,553.580878573612,9.368293686641849,completed,,607,The solver successfully reached the end of the integration interval.
348.75,9.399999999999999,97.59991280930686,91.89332098809979,556.5077257696503,9.368169651931844,completed,,604,The solver successfully reached the end of the integration interval.
350.0,9.399999999999999,97.54907663749376,91.7871304561196,557.481542894754,9.368128544691823,completed,,619,The solver successfully reached the end of the integration interval.
352.5,9.399999999999999,97.44509516251078,91.57286162544285,559.4165787041165,9.368046680517788,completed,,616,The solver successfully reached the end of the integration interval.
356.25,9.399999999999999,97.28328500088953,91.24681480078674,562.3003686224893,9.367924676472393,completed,,631,The solver successfully reached the end of the integration interval.
360.0,9.399999999999999,97.11435759184647,90.9152925304164,565.1698353572228,9.367803584339141,completed,,593,The solver successfully reached the end of the integration interval.
363.75,9.399999999999999,96.93819577472111,90.57840460339493,568.0150449778391,9.367683344620776,completed,,596,The solver successfully reached the end of the integration interval.
367.5,9.399999999999999,96.75468747237608,90.23625555197646,570.8407922742974,9.367563903782425,completed,,582,The solver successfully reached the end of the integration interval.
371.25,9.399999999999999,96.56372725933335,89.88894551290605,573.6545399402909,9.36744521352224,completed,,595,The solver successfully reached the end of the integration interval.
375.0,9.399999999999999,96.36521632687011,89.53657068903095,576.4484709017751,9.36732723016191,completed,,585,The solver successfully reached the end of the integration interval.
300.0,10.1,99.12064133090219,95.82145301067311,517.4999945413474,10.071965426624946,completed,,703,The solver successfully reached the end of the integration interval.
303.75,10.1,99.04813895607917,95.59519491015284,520.7465837301182,10.07182927659458,completed,,692,The solver successfully reached the end of the integration interval.
307.5,10.1,98.9708284266819,95.36140486425204,523.9622114744964,10.071695956271535,completed,,691,The solver successfully reached the end of the integration interval.
311.25,10.1,98.88854216476385,95.12024743485897,527.1504013405089,10.07156517289973,completed,,694,The solver successfully reached the end of the integration interval.
315.0,10.1,98.80111387404206,94.8718871453689,530.3095669285302,10.071436671138176,completed,,671,The solver successfully reached the end of the integration interval.
318.75,10.1,98.70837949564711,94.61648743643775,533.4398777102621,10.071310227822242,completed,,686,The solver successfully reached the end of the integration interval.
322.5,10.1,98.61017634366274,94.35420962540093,536.5467693752147,10.07118564747279,completed,,650,The solver successfully reached the end of the integration interval.
326.25,10.1,98.50634497144826,94.08521176251827,539.6266864886001,10.071062758567301,completed,,649,The solver successfully reached the end of the integration interval.
330.0,10.1,98.39672747828706,93.8096484263223,542.6801158981125,10.070941410219394,completed,,626,The solver successfully reached the end of the integration interval.
333.75,10.1,98.28116966447678,93.5276694291367,545.7139271150744,10.070821469485203,completed,,638,The solver successfully reached the end of the integration interval.
337.5,10.1,98.15951961373466,93.2394199479051,548.7216155556832,10.070702818902966,completed,,625,The solver successfully reached the end of the integration interval.
341.25,10.1,98.03162965584455,92.94503975887291,551.7071215069502,10.07058535453761,completed,,605,The solver successfully reached the end of the integration interval.
345.0,10.1,97.89735471456883,92.64466106687213,554.6722034166148,10.070468994031065,completed,,640,The solver successfully reached the end of the integration interval.
348.75,10.1,97.75655669242963,92.33841792130661,557.6159806412891,10.070353635955113,completed,,633,The solver successfully reached the end of the integration interval.
350.0,10.1,97.70815072942644,92.23505469216396,558.589376651766,10.070315395305837,completed,,630,The solver successfully reached the end of the integration interval.
352.5,10.1,97.60909909145609,92.02643174709739,560.535092399969,10.070239216896788,completed,,635,The solver successfully reached the end of the integration interval.
356.25,10.1,97.45485080906033,91.70882102118439,563.4423953345171,10.070125671643673,completed,,616,The solver successfully reached the end of the integration interval.
360.0,10.1,97.29368608373291,91.38569928565173,566.3253560434865,10.070012941825006,completed,,609,The solver successfully reached the end of the integration interval.
363.75,10.1,97.12548439967573,91.05717516194373,569.18729095439,10.069900975073054,completed,,602,The solver successfully reached the end of the integration interval.
367.5,10.1,96.95013077659283,90.72335258435454,572.0328515659352,10.06978972427578,completed,,608,The solver successfully reached the end of the integration interval.
371.25,10.1,96.76751612693909,90.3843311776217,574.8624323700959,10.069679146952895,completed,,602,The solver successfully reached the end of the integration interval.
375.0,10.1,96.57753747303865,90.04020652063153,577.6733350329608,10.069569204694417,completed,,610,The solver successfully reached the end of the integration interval.
300.0,10.799999999999999,99.1907452203615,96.11841585287733,518.337377682323,10.773758999623153,completed,,715,The solver successfully reached the end of the integration interval.
303.75,10.799999999999999,99.12243870685492,95.9004155254003,521.5924441766764,10.773632471203957,completed,,703,The solver successfully reached the end of the integration interval.
307.5,10.799999999999999,99.04951554959968,95.67491316830241,524.8183267629729,10.77350848129034,completed,,698,The solver successfully reached the end of the integration interval.
311.25,10.799999999999999,98.97180952455696,95.44206098630286,528.0167771118874,10.773386767138549,completed,,701,The solver successfully reached the end of the integration interval.
315.0,10.799999999999999,98.88915538002672,95.20201293137563,531.1863023025662,10.773267099783453,completed,,674,The solver successfully reached the end of the integration interval.
318.75,10.799999999999999,98.80138985870154,94.9549232847559,534.332173816132,10.773149279251518,completed,,674,The solver successfully reached the end of the integration interval.
322.5,10.799999999999999,98.70835078783837,94.7009459931319,537.4508145375947,10.773033130570154,completed,,654,The solver successfully reached the end of the integration interval.
326.25,10.799999999999999,98.60987872228714,94.44023255673821,540.5440348084171,10.772918500252391,completed,,663,The solver successfully reached the end of the integration interval.
330.0,10.799999999999999,98.50581601317548,94.1729320348395,543.6125887454158,10.772805253397555,completed,,649,The solver successfully reached the end of the integration interval.
333.75,10.799999999999999,98.3960081485112,93.89918982217367,546.6586926150119,10.772693271195523,completed,,651,The solver successfully reached the end of the integration interval.
337.5,10.799999999999999,98.28030307794643,93.61914716722296,549.6828028487865,10.772582448757488,completed,,628,The solver successfully reached the end of the integration interval.
341.25,10.799999999999999,98.15855139858414,93.33293893091962,552.6836857085507,10.772472702278984,completed,,635,The solver successfully reached the end of the integration interval.
345.0,10.799999999999999,98.03060988458103,93.04070182012335,555.6605521884819,10.772363931772837,completed,,640,The solver successfully reached the end of the integration interval.
348.75,10.799999999999999,97.89633635308402,92.74256090400284,558.6236670372875,10.772256072889522,completed,,633,The solver successfully reached the end of the integration interval.
350.0,10.799999999999999,97.85014762973778,92.64188997533601,559.6035317560255,10.772220311052992,completed,,646,The solver successfully reached the end of the integration interval.
352.5,10.799999999999999,97.75559369456059,92.43863866623143,561.560198612802,10.772149060541734,completed,,630,The solver successfully reached the end of the integration interval.
356.25,10.799999999999999,97.60824908371161,92.12905266237492,564.4830764705467,10.772042836621397,completed,,632,The solver successfully reached the end of the integration interval.
360.0,10.799999999999999,97.4541745613249,91.813915702779,567.3824970891086,10.771937349147931,completed,,619,The solver successfully reached the end of the integration interval.
363.75,10.799999999999999,97.2932472081763,91.49333594304763,570.2624494324342,10.771832551488911,completed,,609,The solver successfully reached the end of the integration interval.
367.5,10.799999999999999,97.12534922088507,91.1674170801938,573.1253354852439,10.771728401726216,completed,,612,The solver successfully reached the end of the integration interval.
371.25,10.799999999999999,96.95036869714274,90.83625863388608,575.9724496820619,10.771624862059005,completed,,605,The solver successfully reached the end of the integration interval.
375.0,10.799999999999999,96.76819918999871,90.4999560427425,578.8040144416185,10.771521898329729,completed,,608,The solver successfully reached the end of the integration interval.
300.0,11.5,99.25257001461814,96.38452222040716,519.0901771665787,11.475336607276091,completed,,710,The solver successfully reached the end of the integration interval.
303.75,11.5,99.18809109792423,96.17448140650714,522.3554327019659,11.475218382470851,completed,,706,The solver successfully reached the end of the integration interval.
307.5,11.5,99.11917217866667,95.9569606814754,525.5916515859485,11.475102455816835,completed,,692,The solver successfully reached the end of the integration interval.
311.25,11.5,99.04564824950035,95.732100360233,528.8014129841,11.474988589319686,completed,,682,The solver successfully reached the end of the integration interval.
315.0,11.5,98.96735507564526,95.50004448231985,531.9839310964398,11.474876575747421,completed,,687,The solver successfully reached the end of the integration interval.
318.75,11.5,98.88412968807717,95.26093908438693,535.1412361694901,11.47476623428665,completed,,677,The solver successfully reached the end of the integration interval.
322.5,11.5,98.79581122326016,95.01493011677773,538.2726766159313,11.47465740678973,completed,,689,The solver successfully reached the end of the integration interval.
326.25,11.5,98.70224006548483,94.76216326540077,541.3774663583953,11.474549954665884,completed,,650,The solver successfully reached the end of the integration interval.
330.0,11.5,98.6032594080596,94.50278224067968,544.4633281820472,11.47444375614511,completed,,649,The solver successfully reached the end of the integration interval.
333.75,11.5,98.49871341230127,94.2369261632592,547.5234628821529,11.474338712037923,completed,,671,The solver successfully reached the end of the integration interval.
337.5,11.5,98.38845176089185,93.96473745985003,550.5613857070135,11.474234712055662,completed,,655,The solver successfully reached the end of the integration interval.
341.25,11.5,98.27232478046426,93.68634821512619,553.5780457234641,11.47413168033022,completed,,654,The solver successfully reached the end of the integration interval.
345.0,11.5,98.1501865094402,93.40188863196026,556.5712171110838,11.474029542770467,completed,,666,The solver successfully reached the end of the integration interval.
348.75,11.5,98.02189491697425,93.11148456484698,559.5472862435782,11.473928233564456,completed,,646,The solver successfully reached the end of the integration interval.
350.0,11.5,97.97773954773345,93.01338332661257,560.5330892539548,11.47389463759593,completed,,649,The solver successfully reached the end of the integration interval.
352.5,11.5,97.88731145884651,92.81525747234922,562.4992823818377,11.473827694138654,completed,,630,The solver successfully reached the end of the integration interval.
356.25,11.5,97.74630220068752,92.51332427091441,565.4383143206644,11.473727872215962,completed,,623,The solver successfully reached the end of the integration interval.
360.0,11.5,97.59873729017977,92.20579736984817,568.3551323234592,11.473628721043529,completed,,619,The solver successfully reached the end of the integration interval.
363.75,11.5,97.44449182815418,91.89278476469336,571.2529063923363,11.473530198712885,completed,,622,The solver successfully reached the end of the integration interval.
367.5,11.5,97.28344566729929,91.57439020512574,574.1333362842745,11.473432267542062,completed,,625,The solver successfully reached the end of the integration interval.
371.25,11.5,97.11548430872999,91.2507134314005,576.9969054147138,11.473334893579134,completed,,615,The solver successfully reached the end of the integration interval.
375.0,11.5,96.94049859070344,90.92185006804402,579.8425876275807,11.473238046135132,completed,,611,The solver successfully reached the end of the integration interval.
300.0,12.2,99.30744792530226,96.62418188009516,519.7727957612314,12.176735072893445,completed,,729,The solver successfully reached the end of the integration interval.
303.75,12.2,99.24647537697066,96.42180107357866,523.0466547417258,12.176624090473268,completed,,709,The solver successfully reached the end of the integration interval.
307.5,12.2,99.1812259151281,96.21195714339969,526.2943026283687,12.17651521076349,completed,,718,The solver successfully reached the end of the integration interval.
311.25,12.2,99.11153732371156,95.99478484032696,529.5154710087749,12.176408198951176,completed,,698,The solver successfully reached the end of the integration interval.
315.0,12.2,99.03724458811605,95.77041229820018,532.7098341360277,12.17630288355741,completed,,691,The solver successfully reached the end of the integration interval.
318.75,12.2,98.9581863282695,95.53897871854079,535.8792846187075,12.176199093906977,completed,,671,The solver successfully reached the end of the integration interval.
322.5,12.2,98.87420232306374,95.30062270858744,539.0226760635647,12.176096685965879,completed,,680,The solver successfully reached the end of the integration interval.
326.25,12.2,98.7851334871895,95.05548411776624,542.1451384027351,12.175995533542977,completed,,666,The solver successfully reached the end of the integration interval.
330.0,12.2,98.69082243108444,94.80369936204472,545.2411858782946,12.175895533155108,completed,,678,The solver successfully reached the end of the integration interval.
333.75,12.2,98.59111608501657,94.54540989038487,548.3145488300065,12.17579657299975,completed,,668,The solver successfully reached the end of the integration interval.
337.5,12.2,98.48586159028962,94.28074841087523,551.3674596916643,12.175698574178181,completed,,642,The solver successfully reached the end of the integration interval.
341.25,12.2,98.3749098537229,94.00984666893474,554.3996532081081,12.175601460738424,completed,,670,The solver successfully reached the end of the integration interval.
345.0,12.2,98.2581143088383,93.73283306887537,557.4072521224587,12.175505165392224,completed,,654,The solver successfully reached the end of the integration interval.
348.75,12.2,98.1353325004495,93.4498321586629,560.3991628081216,12.175409628397995,completed,,653,The solver successfully reached the end of the integration interval.
350.0,12.2,98.09305065064227,93.35418893006785,561.3872023953546,12.175377941898123,completed,,640,The solver successfully reached the end of the integration interval.
352.5,12.2,98.00642486254735,93.16096444032702,563.3649993535138,12.175314796601143,completed,,643,The solver successfully reached the end of the integration interval.
356.25,12.2,97.87125618714329,92.86634632530108,566.3172881687034,12.175220622580468,completed,,645,The solver successfully reached the end of the integration interval.
360.0,12.2,97.72969528627183,92.56609007332185,569.2511079711423,12.175127063944963,completed,,638,The solver successfully reached the end of the integration interval.
363.75,12.2,97.58161542958908,92.26030369830471,572.1651786098307,12.175034082698367,completed,,607,The solver successfully reached the end of the integration interval.
367.5,12.2,97.42689493531421,91.9490911824447,575.0602638475967,12.174941644688493,completed,,628,The solver successfully reached the end of the integration interval.
371.25,12.2,97.26541686501821,91.63255253680401,577.9352425571363,12.17484971916024,completed,,634,The solver successfully reached the end of the integration interval.
375.0,12.2,97.09706955263215,91.31078404258886,580.7948641557902,12.174758278314924,completed,,612,The solver successfully reached the end of the integration interval.
300.0,12.899999999999999,99.35643692247763,96.84097715926524,520.39262291281,12.87798329558909,completed,,719,The solver successfully reached the end of the integration interval.
303.75,12.899999999999999,99.29868816544798,96.64596078364806,523.6784453619819,12.87787868813904,completed,,725,The solver successfully reached the end of the integration interval.
307.5,12.899999999999999,99.23681538403928,96.44350175507405,526.9363011967794,12.877776006850553,completed,,724,The solver successfully reached the end of the integration interval.
311.25,12.899999999999999,99.17065603669786,96.23371665785882,530.1695488661625,12.877675052028538,completed,,708,The solver successfully reached the end of the integration interval.
315.0,12.899999999999999,99.10004753735639,96.01673016759868,533.3756374537852,12.877575650080557,completed,,688,The solver successfully reached the end of the integration interval.
318.75,12.899999999999999,99.02482908133656,95.79267025564346,536.5576747637815,12.877477649732976,completed,,690,The solver successfully reached the end of the integration interval.
322.5,12.899999999999999,98.94484085975596,95.56166861341173,539.7152270095016,12.877380918888353,completed,,671,The solver successfully reached the end of the integration interval.
326.25,12.899999999999999,98.85992397424936,95.32385635608703,542.8481608413322,12.877285348543653,completed,,686,The solver successfully reached the end of the integration interval.
330.0,12.899999999999999,98.76992336918806,95.07937141364857,545.9567768872723,12.877190824110793,completed,,675,The solver successfully reached the end of the integration interval.
333.75,12.899999999999999,98.6746842318829,94.82834454682079,549.0444467030767,12.877097262787037,completed,,678,The solver successfully reached the end of the integration interval.
337.5,12.899999999999999,98.57405438895532,94.57090749494034,552.1122747475016,12.877004585908372,completed,,677,The solver successfully reached the end of the integration interval.
341.25,12.899999999999999,98.46788454635622,94.3071894244859,555.1587054195999,12.876912723978498,completed,,654,The solver successfully reached the end of the integration interval.
345.0,12.899999999999999,98.35602823178696,94.03731679777235,558.1782480479535,12.876821615454283,completed,,657,The solver successfully reached the end of the integration interval.
348.75,12.899999999999999,98.23834207361331,93.76141291948949,561.1869701388761,12.876731205722473,completed,,647,The solver successfully reached the end of the integration interval.
350.0,12.899999999999999,98.19779353750123,93.66812549037986,562.1816079763785,12.876701215879166,completed,,656,The solver successfully reached the end of the integration interval.
352.5,12.899999999999999,98.11468608333152,93.47959751987845,564.1709261422504,12.87664144620029,completed,,646,The solver successfully reached the end of the integration interval.
356.25,12.899999999999999,97.98492386386185,93.19198645139828,567.133977332677,12.876552293563709,completed,,639,The solver successfully reached the end of the integration interval.
360.0,12.899999999999999,97.84892344979846,92.89869192734346,570.0789469425226,12.876463709089608,completed,,641,The solver successfully reached the end of the integration interval.
363.75,12.899999999999999,97.7065564397534,92.59982210461622,573.0074658765421,12.876375658078533,completed,,626,The solver successfully reached the end of the integration interval.
367.5,12.899999999999999,97.5576994629579,92.29548117495867,575.9200910628955,12.876288109360157,completed,,626,The solver successfully reached the end of the integration interval.
371.25,12.899999999999999,97.40223373749922,91.98576976186857,578.8162674725755,12.876201034861914,completed,,628,The solver successfully reached the end of the integration interval.
375.0,12.899999999999999,97.24004565869242,91.67078456426918,581.6936575525673,12.876114409221445,completed,,615,The solver successfully reached the end of the integration interval.
300.0,13.6,99.40038890924373,97.03785633336497,520.9605381961919,13.579104273171687,completed,,742,The solver successfully reached the end of the integration interval.
303.75,13.6,99.34561361292809,96.84991560816492,524.2562288355507,13.579005322383354,completed,,744,The solver successfully reached the end of the integration interval.
307.5,13.6,99.28685721224872,96.654551397668,527.5257093873648,13.578908151368585,completed,,715,The solver successfully reached the end of the integration interval.
311.25,13.6,99.22395791191069,96.45186939440225,530.7695446625851,13.578812575516029,completed,,711,The solver successfully reached the end of the integration interval.
315.0,13.6,99.15675436156873,96.24198365288802,533.9883438729917,13.578718434452817,completed,,691,The solver successfully reached the end of the integration interval.
318.75,13.6,99.08508584836446,96.02501153477799,537.1807665805472,13.57862559442174,completed,,716,The solver successfully reached the end of the integration interval.
322.5,13.6,99.00879443749025,95.80108102050575,540.3526107275475,13.57853392198355,completed,,696,The solver successfully reached the end of the integration interval.
326.25,13.6,98.92772215418101,95.57031677977312,543.4973449624155,13.578443316153386,completed,,718,The solver successfully reached the end of the integration interval.
330.0,13.6,98.84171280723864,95.33284747307994,546.6195441670735,13.578353683399508,completed,,685,The solver successfully reached the end of the integration interval.
333.75,13.6,98.75061280583827,95.08880147739724,549.7215476744855,13.578264941511415,completed,,679,The solver successfully reached the end of the integration interval.
337.5,13.6,98.65426992778448,94.83830724795132,552.8033446531733,13.578177018043506,completed,,674,The solver successfully reached the end of the integration interval.
341.25,13.6,98.55253519006723,94.58149117960569,555.861672374597,13.578089849023913,completed,,664,The solver successfully reached the end of the integration interval.
345.0,13.6,98.44526168303408,94.31847791223274,558.899392029845,13.578003377827354,completed,,673,The solver successfully reached the end of the integration interval.
348.75,13.6,98.33230574092046,94.0493892789257,561.9145974602268,13.577917554199628,completed,,663,The solver successfully reached the end of the integration interval.
350.0,13.6,98.29336657952345,93.95836367181343,562.9205340871094,13.577889082363276,completed,,650,The solver successfully reached the end of the integration interval.
352.5,13.6,98.21352685412782,93.77434416426418,564.916661202989,13.577832333471388,completed,,662,The solver successfully reached the end of the integration interval.
356.25,13.6,98.08878794778147,93.49345798255868,567.8970754136686,13.577747675803234,completed,,643,The solver successfully reached the end of the integration interval.
360.0,13.6,97.95795581113941,93.20684271583836,570.858234520937,13.577663545604105,completed,,629,The solver successfully reached the end of the integration interval.
363.75,13.6,97.82090125398044,92.91460669902254,573.801061246202,13.577579910987708,completed,,623,The solver successfully reached the end of the integration interval.
367.5,13.6,97.67749946613263,92.6168545500108,576.7248771488444,13.577496743318234,completed,,635,The solver successfully reached the end of the integration interval.
371.25,13.6,97.52762984034436,92.31368725636882,579.6265884006853,13.577414016807587,completed,,619,The solver successfully reached the end of the integration interval.
375.0,13.6,97.37117712472266,92.00520221111796,582.5207510901976,13.577331708166215,completed,,625,The solver successfully reached the end of the integration interval.
300.0,14.299999999999999,99.43999813875216,97.2172740502435,521.4817496343269,14.280116535503298,completed,,746,The solver successfully reached the end of the integration interval.
303.75,14.299999999999999,99.38797383879873,97.03612667676511,524.7880102930561,14.280022639661526,completed,,726,The solver successfully reached the end of the integration interval.
307.5,14.299999999999999,99.33210213938813,96.8475769351299,528.068892827305,14.279930401756554,completed,,735,The solver successfully reached the end of the integration interval.
311.25,14.299999999999999,99.2722234949903,96.65172448983684,531.3240830736169,14.279839635437936,completed,,711,The solver successfully reached the end of the integration interval.
315.0,14.299999999999999,99.20817594738807,96.44866465927552,534.554474639096,14.279750211958454,completed,,717,The solver successfully reached the end of the integration interval.
318.75,14.299999999999999,99.13980151660311,96.2385136666709,537.759746714211,14.27966198627781,completed,,720,The solver successfully reached the end of the integration interval.
322.5,14.299999999999999,99.06694139070514,96.02138571195114,540.9424970978702,14.279574850504607,completed,,697,The solver successfully reached the end of the integration interval.
326.25,14.299999999999999,98.98943870016627,95.79740090063056,544.1000613115185,14.279488705782754,completed,,683,The solver successfully reached the end of the integration interval.
330.0,14.299999999999999,98.9071379935221,95.56668201263464,547.2359982358051,14.279403465458168,completed,,686,The solver successfully reached the end of the integration interval.
333.75,14.299999999999999,98.81988561717553,95.3293533073769,550.3516025351606,14.279319053386214,completed,,682,The solver successfully reached the end of the integration interval.
337.5,14.299999999999999,98.72753014920802,95.08553909155279,553.4455358292342,14.279235402507116,completed,,678,The solver successfully reached the end of the integration interval.
341.25,14.299999999999999,98.62992213313508,94.83536333397792,556.5130413108143,14.279152453608857,completed,,667,The solver successfully reached the end of the integration interval.
345.0,14.299999999999999,98.52691492502329,94.5789482789337,559.5689060035294,14.279070154304636,completed,,664,The solver successfully reached the end of the integration interval.
348.75,14.299999999999999,98.41836451117935,94.31641446078781,562.5997869320779,14.27898845811581,completed,,666,The solver successfully reached the end of the integration interval.
350.0,14.299999999999999,98.38092477469287,94.22756389639663,563.6026835129074,14.278961352804771,completed,,672,The solver successfully reached the end of the integration interval.
352.5,14.299999999999999,98.30413001581526,94.04787955789945,565.609297173118,14.278907323730797,completed,,650,The solver successfully reached the end of the integration interval.
356.25,14.299999999999999,98.18407365723256,93.77345855980259,568.6003995466522,14.278826714321385,completed,,646,The solver successfully reached the end of the integration interval.
360.0,14.299999999999999,98.05806168072702,93.49326313951516,571.5747929690705,14.278746596988428,completed,,642,The solver successfully reached the end of the integration interval.
363.75,14.299999999999999,97.92596360196895,93.20740174193546,574.5331761013613,14.278666942270725,completed,,654,The solver successfully reached the end of the integration interval.
367.5,14.299999999999999,97.78765358931146,92.91597927359561,577.475196465083,14.278587723708544,completed,,651,The solver successfully reached the end of the integration interval.
371.25,14.299999999999999,97.6430097108383,92.61909728247592,580.3989120173425,14.278508917477057,completed,,619,The solver successfully reached the end of the integration interval.
375.0,14.299999999999999,97.49191496413131,92.3168538341715,583.2990686922261,14.278430502075896,completed,,625,The solver successfully reached the end of the integration interval.
300.0,15.0,99.47583727269901,97.38129253138055,521.9627870533261,14.98103517943862,completed,,755,The solver successfully reached the end of the integration interval.
303.75,15.0,99.42636428360885,97.20666392994994,525.2789647159963,14.98094583383073,completed,,751,The solver successfully reached the end of the integration interval.
307.5,15.0,99.37317126047769,97.02466355751538,528.5700539784265,14.980858026211898,completed,,731,The solver successfully reached the end of the integration interval.
311.25,15.0,99.3160981368978,96.83537133693358,531.8358672044495,14.980771600709026,completed,,731,The solver successfully reached the end of the integration interval.
315.0,15.0,99.25498548502186,96.63888009847102,535.0784164901639,14.980686418415429,completed,,733,The solver successfully reached the end of the integration interval.
318.75,15.0,99.18967489543249,96.43529038672747,538.2960094746619,14.98060235853083,completed,,723,The solver successfully reached the end of the integration interval.
322.5,15.0,99.12000874086114,96.22471021342383,541.490807574339,14.980519315736034,completed,,719,The solver successfully reached the end of the integration interval.
326.25,15.0,99.0458307218129,96.00725263521034,544.6614715466989,14.98043719797771,completed,,703,The solver successfully reached the end of the integration interval.
330.0,15.0,98.9669860272954,95.78303448319797,547.8105897448172,14.980355924591546,completed,,718,The solver successfully reached the end of the integration interval.
333.75,15.0,98.88332127941726,95.55217527367165,550.938330353187,14.980275424738643,completed,,682,The solver successfully reached the end of the integration interval.
337.5,15.0,98.79468522573318,95.31479549198602,554.0414218211378,14.980195636035758,completed,,672,The solver successfully reached the end of the integration interval.
341.25,15.0,98.70092881542789,95.07101571882444,557.1285701539776,14.98011650343101,completed,,671,The solver successfully reached the end of the integration interval.
345.0,15.0,98.60190519959903,94.82095609388483,560.1884630177876,14.980037978220471,completed,,674,The solver successfully reached the end of the integration interval.
348.75,15.0,98.49747019046444,94.56473529962136,563.2363987030318,14.979960017211464,completed,,663,The solver successfully reached the end of the integration interval.
350.0,15.0,98.46143159507622,94.47797937913333,564.248378959233,14.979934148826935,completed,,663,The solver successfully reached the end of the integration interval.
352.5,15.0,98.38748274296036,94.30246983553727,566.2632744989223,14.97988258201622,completed,,650,The solver successfully reached the end of the integration interval.
356.25,15.0,98.27180465838151,94.03427400406164,569.2700716995644,14.979805638421743,completed,,659,The solver successfully reached the end of the integration interval.
360.0,15.0,98.15030124241989,93.76025912828013,572.2579334064038,14.979729155872953,completed,,658,The solver successfully reached the end of the integration interval.
363.75,15.0,98.02284148643311,93.48053365318485,575.226400736483,14.979653107007294,completed,,664,The solver successfully reached the end of the integration interval.
367.5,15.0,97.88929828125697,93.19520272433593,578.1726589122469,14.979577467257123,completed,,654,The solver successfully reached the end of the integration interval.
371.25,15.0,97.74954870917732,92.90436832547336,581.1113241129287,14.979502214507614,completed,,622,The solver successfully reached the end of the integration interval.
375.0,15.0,97.60347438770862,92.60812913995998,584.0343181396615,14.979427328798966,completed,,631,The solver successfully reached the end of the integration interval.
